,slice,click_x,click_y,class_code
0,59.0,1365.0,873.0,1
1,65.0,677.0,1407.0,5
2,69.0,1180.0,1205.0,0
3,94.0,1123.0,1207.0,0
4,49.0,756.0,1406.0,0
5,91.0,1188.0,712.0,7
6,84.0,811.0,1011.0,3
7,69.0,875.0,866.0,5
8,99.0,898.0,1424.0,0
9,82.0,783.0,134.0,7
10,48.0,1332.0,661.0,5
11,36.0,804.0,1107.0,0
12,42.0,697.0,1208.0,0
13,49.0,842.0,1302.0,6
14,99.0,809.0,1006.0,0
15,69.0,893.0,909.0,0
16,69.0,1417.0,1260.0,4
17,114.0,1137.0,675.0,0
18,37.0,623.0,1447.0,5
19,79.0,1236.0,875.0,0
20,44.0,296.0,306.0,6
21,66.0,649.0,1388.0,5
22,69.0,956.0,1268.0,0
23,54.0,726.0,1636.0,5
24,85.0,653.0,1371.0,5
25,109.0,1133.0,675.0,0
26,95.0,866.0,752.0,0
27,112.0,1335.0,1219.0,5
28,64.0,907.0,641.0,0
29,46.0,811.0,602.0,0
30,49.0,1626.0,1508.0,2
31,45.0,1157.0,729.0,0
32,70.0,1355.0,720.0,5
33,61.0,1109.0,1043.0,5
34,107.0,1343.0,1467.0,6
35,104.0,1402.0,1879.0,0
36,84.0,1417.0,941.0,0
37,76.0,1592.0,1553.0,4
38,64.0,676.0,932.0,0
39,44.0,849.0,639.0,6
40,75.0,604.0,1915.0,2
41,104.0,1356.0,1800.0,1
42,34.0,466.0,1536.0,2
43,74.0,641.0,1435.0,0
44,72.0,1221.0,413.0,5
45,79.0,844.0,523.0,0
46,74.0,692.0,1130.0,0
47,84.0,1132.0,545.0,0
48,96.0,1416.0,1316.0,2
49,44.0,678.0,920.0,0
50,79.0,1868.0,1112.0,2
51,95.0,935.0,542.0,6
52,103.0,1371.0,1079.0,6
53,61.0,1680.0,1676.0,4
54,109.0,1092.0,639.0,6
55,54.0,997.0,1129.0,5
56,69.0,892.0,908.0,0
57,104.0,753.0,1213.0,1
58,92.0,831.0,384.0,6
59,51.0,606.0,1896.0,2
60,49.0,856.0,1171.0,0
61,64.0,655.0,1505.0,5
62,99.0,893.0,872.0,0
63,79.0,653.0,184.0,6
64,49.0,1151.0,580.0,0
65,69.0,1024.0,733.0,0
66,46.0,1282.0,1108.0,5
67,104.0,1307.0,1187.0,0
68,79.0,670.0,879.0,0
69,34.0,974.0,196.0,2
70,114.0,1354.0,1251.0,5
71,56.0,1485.0,1620.0,2
72,75.0,1364.0,755.0,6
73,89.0,733.0,1103.0,5
74,70.0,1013.0,490.0,5
75,37.0,1204.0,1079.0,0
76,46.0,1240.0,606.0,4
77,70.0,675.0,921.0,0
78,108.0,796.0,1548.0,5
79,64.0,996.0,1226.0,0
80,109.0,1307.0,1181.0,0
81,94.0,1518.0,1915.0,1
82,58.0,1052.0,1131.0,5
83,39.0,1172.0,192.0,2
84,103.0,815.0,778.0,0
85,84.0,846.0,521.0,0
86,46.0,1252.0,827.0,5
87,41.0,715.0,1430.0,5
88,66.0,676.0,1175.0,6
89,63.0,1321.0,660.0,5
90,109.0,728.0,1508.0,5
91,69.0,667.0,1085.0,0
92,49.0,399.0,1607.0,2
93,34.0,770.0,449.0,6
94,63.0,606.0,1346.0,6
95,46.0,1515.0,1699.0,6
96,53.0,1185.0,997.0,0
97,39.0,1009.0,504.0,6
98,65.0,836.0,1341.0,0
99,62.0,732.0,1616.0,5
100,109.0,1609.0,1513.0,2
101,45.0,792.0,1388.0,5
102,74.0,684.0,141.0,2
103,84.0,757.0,144.0,2
104,58.0,806.0,1609.0,5
105,47.0,1163.0,881.0,5
106,75.0,786.0,1340.0,5
107,105.0,853.0,1641.0,5
108,84.0,1256.0,1208.0,5
109,109.0,1188.0,1262.0,0
110,73.0,639.0,740.0,6
111,99.0,898.0,1425.0,0
112,89.0,1121.0,1208.0,0
113,71.0,993.0,1351.0,5
114,84.0,1104.0,745.0,5
115,99.0,1390.0,1781.0,1
116,54.0,803.0,597.0,0
117,100.0,715.0,873.0,0
118,72.0,860.0,1100.0,5
119,83.0,1322.0,907.0,0
120,74.0,712.0,738.0,5
121,48.0,645.0,883.0,6
122,72.0,1143.0,805.0,0
123,51.0,1395.0,1016.0,5
124,109.0,1617.0,1634.0,2
125,49.0,700.0,684.0,0
126,109.0,1352.0,1144.0,0
127,54.0,1273.0,782.0,0
128,54.0,793.0,1169.0,5
129,69.0,1104.0,707.0,5
130,47.0,963.0,1138.0,5
131,109.0,1132.0,544.0,0
132,103.0,490.0,1617.0,4
133,69.0,1098.0,1376.0,0
134,77.0,1424.0,995.0,5
135,34.0,1106.0,748.0,5
136,94.0,814.0,1584.0,0
137,60.0,757.0,895.0,5
138,84.0,1057.0,503.0,5
139,47.0,1269.0,1902.0,6
140,64.0,1680.0,1270.0,0
141,74.0,998.0,1455.0,5
142,55.0,1091.0,866.0,5
143,91.0,716.0,933.0,0
144,58.0,252.0,260.0,4
145,89.0,562.0,1704.0,4
146,54.0,1075.0,1263.0,0
147,92.0,711.0,986.0,5
148,61.0,952.0,1010.0,5
149,54.0,852.0,1247.0,0
150,100.0,681.0,1492.0,5
151,99.0,746.0,950.0,0
152,104.0,1248.0,821.0,0
153,99.0,939.0,1581.0,5
154,73.0,1384.0,781.0,5
155,59.0,1628.0,1508.0,2
156,84.0,1431.0,757.0,0
157,99.0,1075.0,1253.0,5
158,64.0,698.0,684.0,0
159,46.0,745.0,1325.0,5
160,99.0,780.0,745.0,0
161,79.0,1055.0,1379.0,5
162,94.0,858.0,1898.0,4
163,44.0,981.0,1004.0,5
164,84.0,1276.0,924.0,0
165,79.0,1516.0,1916.0,2
166,44.0,694.0,884.0,0
167,50.0,1038.0,635.0,5
168,103.0,1230.0,911.0,0
169,94.0,1081.0,694.0,0
170,49.0,977.0,650.0,6
171,69.0,1297.0,1116.0,0
172,88.0,1327.0,1250.0,5
173,64.0,1056.0,838.0,0
174,74.0,1189.0,1667.0,2
175,109.0,1307.0,1194.0,0
176,89.0,849.0,1602.0,5
177,79.0,938.0,1513.0,0
178,39.0,675.0,1443.0,5
179,39.0,1107.0,1363.0,5
180,75.0,664.0,1540.0,5
181,89.0,1130.0,670.0,0
182,55.0,774.0,929.0,5
183,44.0,759.0,784.0,0
184,69.0,1015.0,868.0,0
185,92.0,721.0,724.0,0
186,69.0,901.0,1426.0,0
187,69.0,883.0,1524.0,0
188,100.0,702.0,1646.0,0
189,104.0,1321.0,904.0,0
190,60.0,1147.0,812.0,0
191,99.0,819.0,721.0,0
192,88.0,993.0,1578.0,0
193,62.0,1065.0,1049.0,5
194,54.0,1423.0,1032.0,5
195,105.0,1099.0,1612.0,4
196,39.0,803.0,886.0,0
197,109.0,798.0,1815.0,6
198,61.0,1144.0,912.0,5
199,74.0,1331.0,1250.0,5
200,59.0,1072.0,941.0,5
201,54.0,1345.0,1851.0,6
202,90.0,879.0,1589.0,5
203,93.0,1352.0,1778.0,1
204,85.0,794.0,1684.0,0
205,97.0,921.0,1522.0,5
206,89.0,857.0,1499.0,5
207,90.0,1323.0,850.0,0
208,54.0,667.0,1086.0,0
209,94.0,1076.0,1298.0,0
210,94.0,832.0,1216.0,5
211,39.0,879.0,730.0,6
212,69.0,1721.0,1244.0,2
213,94.0,1187.0,795.0,0
214,70.0,977.0,493.0,6
215,64.0,1150.0,807.0,0
216,86.0,1409.0,1789.0,6
217,104.0,1456.0,1690.0,2
218,38.0,1060.0,576.0,6
219,59.0,1145.0,804.0,0
220,71.0,696.0,682.0,0
221,104.0,870.0,1292.0,5
222,49.0,924.0,696.0,0
223,102.0,956.0,1090.0,5
224,39.0,1026.0,696.0,0
225,109.0,1118.0,1207.0,0
226,63.0,1269.0,728.0,5
227,56.0,467.0,1590.0,4
228,84.0,1627.0,1507.0,2
229,46.0,948.0,910.0,5
230,53.0,1141.0,974.0,0
231,49.0,670.0,1085.0,0
232,64.0,1581.0,1836.0,5
233,59.0,1312.0,624.0,5
234,89.0,1174.0,712.0,0
235,59.0,1059.0,839.0,0
236,69.0,1627.0,1507.0,2
237,59.0,236.0,654.0,2
238,55.0,1131.0,860.0,5
239,99.0,735.0,1501.0,5
240,53.0,1187.0,797.0,5
241,45.0,1101.0,324.0,6
242,74.0,936.0,1513.0,0
243,54.0,1149.0,580.0,0
244,44.0,992.0,1400.0,5
245,59.0,1274.0,546.0,0
246,59.0,1103.0,964.0,5
247,84.0,1195.0,1628.0,2
248,89.0,673.0,213.0,6
249,89.0,846.0,521.0,0
250,96.0,1023.0,1478.0,0
251,49.0,907.0,1394.0,0
252,39.0,1024.0,1457.0,0
253,84.0,813.0,1745.0,2
254,87.0,216.0,1910.0,6
255,99.0,1531.0,1759.0,2
256,81.0,1035.0,465.0,5
257,75.0,961.0,1267.0,0
258,79.0,874.0,1743.0,2
259,59.0,997.0,1227.0,0
260,90.0,1371.0,769.0,6
261,60.0,1513.0,1700.0,6
262,74.0,668.0,879.0,0
263,104.0,1024.0,730.0,0
264,75.0,793.0,1419.0,5
265,39.0,694.0,884.0,0
266,64.0,901.0,1076.0,5
267,57.0,1409.0,869.0,5
268,92.0,953.0,1238.0,5
269,102.0,920.0,1520.0,5
270,109.0,1478.0,1642.0,2
271,99.0,1064.0,817.0,5
272,54.0,752.0,1029.0,0
273,48.0,453.0,1587.0,4
274,94.0,667.0,878.0,0
275,51.0,1007.0,1498.0,6
276,74.0,969.0,734.0,1
277,45.0,1786.0,918.0,4
278,64.0,904.0,825.0,0
279,101.0,1032.0,956.0,6
280,73.0,1170.0,1381.0,0
281,56.0,474.0,1507.0,4
282,64.0,1367.0,872.0,0
283,103.0,1192.0,1077.0,0
284,55.0,1240.0,672.0,6
285,69.0,1639.0,359.0,2
286,94.0,1071.0,694.0,0
287,94.0,974.0,957.0,0
288,74.0,1059.0,1549.0,5
289,114.0,880.0,623.0,1
290,39.0,990.0,1291.0,6
291,49.0,1203.0,911.0,5
292,76.0,1147.0,1022.0,5
293,107.0,1636.0,1567.0,6
294,84.0,771.0,1116.0,5
295,39.0,787.0,1521.0,6
296,49.0,776.0,1470.0,0
297,99.0,998.0,1193.0,2
298,90.0,1854.0,1120.0,2
299,84.0,1174.0,714.0,0
300,59.0,797.0,1686.0,0
301,36.0,251.0,284.0,4
302,114.0,992.0,1561.0,0
303,104.0,749.0,1769.0,2
304,54.0,1441.0,981.0,5
305,79.0,1719.0,1243.0,2
306,61.0,876.0,1597.0,5
307,64.0,643.0,951.0,5
308,35.0,186.0,1575.0,6
309,37.0,793.0,1203.0,5
310,71.0,1135.0,1349.0,5
311,104.0,1853.0,1040.0,2
312,95.0,1337.0,729.0,5
313,49.0,1301.0,1247.0,5
314,104.0,1819.0,1160.0,2
315,48.0,716.0,1130.0,0
316,49.0,1287.0,1201.0,0
317,74.0,1321.0,785.0,0
318,104.0,1013.0,1304.0,5
319,79.0,647.0,678.0,0
320,89.0,1867.0,1110.0,2
321,89.0,1862.0,1181.0,2
322,69.0,1181.0,1204.0,0
323,51.0,542.0,1363.0,2
324,37.0,651.0,1364.0,5
325,52.0,364.0,856.0,0
326,74.0,916.0,1632.0,0
327,39.0,1003.0,926.0,0
328,104.0,1346.0,1780.0,1
329,84.0,983.0,1012.0,0
330,101.0,1289.0,1682.0,2
331,74.0,725.0,1028.0,0
332,59.0,911.0,644.0,0
333,62.0,910.0,1270.0,5
334,66.0,1424.0,948.0,0
335,102.0,883.0,1540.0,5
336,89.0,536.0,1553.0,2
337,104.0,1072.0,694.0,0
338,94.0,977.0,559.0,0
339,54.0,1173.0,516.0,5
340,92.0,750.0,1401.0,5
341,54.0,650.0,681.0,0
342,79.0,929.0,935.0,0
343,39.0,1176.0,1346.0,6
344,76.0,722.0,1617.0,5
345,101.0,705.0,521.0,5
346,39.0,1171.0,1249.0,0
347,79.0,691.0,819.0,0
348,54.0,635.0,1299.0,0
349,85.0,731.0,1575.0,5
350,49.0,821.0,1134.0,0
351,103.0,865.0,750.0,0
352,69.0,1432.0,758.0,0
353,104.0,1363.0,894.0,0
354,79.0,1138.0,975.0,0
355,89.0,619.0,869.0,0
356,51.0,1407.0,1186.0,0
357,39.0,683.0,1570.0,0
358,39.0,778.0,1467.0,0
359,91.0,1281.0,1681.0,2
360,44.0,816.0,1577.0,5
361,61.0,822.0,930.0,5
362,64.0,1078.0,1017.0,0
363,58.0,1136.0,1414.0,6
364,61.0,1378.0,896.0,0
365,95.0,1003.0,688.0,0
366,39.0,1031.0,787.0,6
367,34.0,277.0,206.0,6
368,71.0,927.0,544.0,5
369,80.0,955.0,1472.0,5
370,90.0,1057.0,562.0,0
371,61.0,733.0,1442.0,5
372,63.0,925.0,741.0,0
373,61.0,877.0,865.0,5
374,99.0,1447.0,1118.0,0
375,64.0,1380.0,1095.0,5
376,99.0,827.0,1514.0,5
377,79.0,1074.0,697.0,0
378,103.0,1166.0,578.0,6
379,78.0,1323.0,850.0,0
380,90.0,803.0,1490.0,5
381,49.0,1030.0,1233.0,2
382,94.0,1186.0,1075.0,5
383,47.0,1078.0,1263.0,0
384,45.0,905.0,518.0,4
385,84.0,1438.0,1121.0,0
386,94.0,1231.0,912.0,0
387,69.0,841.0,892.0,0
388,109.0,668.0,1535.0,0
389,89.0,1299.0,1115.0,0
390,44.0,1425.0,1803.0,4
391,64.0,1329.0,1164.0,0
392,90.0,1868.0,973.0,4
393,48.0,1394.0,788.0,0
394,66.0,1417.0,1256.0,2
395,89.0,1153.0,497.0,0
396,44.0,1015.0,1276.0,6
397,84.0,882.0,1525.0,0
398,100.0,1416.0,940.0,0
399,79.0,1175.0,715.0,0
400,94.0,1131.0,544.0,0
401,94.0,1418.0,939.0,0
402,74.0,1178.0,995.0,0
403,84.0,1203.0,1170.0,5
404,84.0,893.0,820.0,0
405,84.0,1003.0,1239.0,0
406,103.0,1117.0,1127.0,5
407,108.0,1835.0,1075.0,2
408,89.0,1756.0,1206.0,2
409,90.0,804.0,1546.0,5
410,59.0,1099.0,561.0,0
411,74.0,1236.0,1043.0,5
412,79.0,892.0,907.0,0
413,60.0,602.0,856.0,2
414,52.0,1168.0,1040.0,5
415,39.0,995.0,969.0,5
416,82.0,925.0,842.0,5
417,49.0,1169.0,754.0,0
418,59.0,1235.0,950.0,0
419,34.0,1164.0,473.0,0
420,103.0,745.0,1805.0,6
421,77.0,1074.0,1109.0,5
422,114.0,1387.0,1779.0,1
423,46.0,1636.0,1752.0,6
424,54.0,732.0,1272.0,2
425,46.0,874.0,1341.0,6
426,69.0,817.0,850.0,6
427,45.0,937.0,1599.0,5
428,103.0,1206.0,552.0,5
429,62.0,1208.0,594.0,4
430,44.0,683.0,1650.0,0
431,93.0,1137.0,1091.0,5
432,79.0,1331.0,1646.0,6
433,79.0,1222.0,778.0,0
434,104.0,1175.0,709.0,0
435,114.0,1616.0,1634.0,2
436,75.0,683.0,1765.0,6
437,54.0,1082.0,1263.0,0
438,104.0,1461.0,1679.0,2
439,99.0,1122.0,618.0,5
440,102.0,1261.0,878.0,5
441,59.0,1141.0,703.0,0
442,93.0,712.0,1822.0,0
443,37.0,1083.0,936.0,5
444,54.0,873.0,1625.0,5
445,104.0,815.0,1582.0,0
446,39.0,1092.0,1451.0,0
447,114.0,1530.0,1758.0,2
448,75.0,1169.0,851.0,5
449,49.0,1381.0,1096.0,5
450,76.0,1158.0,956.0,5
451,49.0,1132.0,537.0,5
452,84.0,718.0,1830.0,2
453,94.0,998.0,1413.0,5
454,99.0,683.0,1077.0,5
455,64.0,1017.0,984.0,0
456,95.0,1204.0,551.0,6
457,99.0,1436.0,1120.0,0
458,74.0,1246.0,1173.0,5
459,90.0,958.0,1537.0,5
460,48.0,780.0,523.0,5
461,39.0,918.0,1303.0,5
462,71.0,739.0,1335.0,5
463,101.0,1154.0,497.0,6
464,54.0,1090.0,1452.0,0
465,64.0,1136.0,1350.0,5
466,44.0,1243.0,895.0,0
467,40.0,675.0,783.0,5
468,89.0,1299.0,812.0,0
469,94.0,983.0,1012.0,0
470,74.0,816.0,1376.0,5
471,69.0,1354.0,819.0,0
472,54.0,1005.0,925.0,0
473,46.0,1107.0,651.0,6
474,92.0,1177.0,750.0,6
475,106.0,721.0,1872.0,6
476,34.0,813.0,884.0,0
477,65.0,833.0,1091.0,5
478,76.0,677.0,1406.0,5
479,64.0,572.0,1540.0,6
480,64.0,1653.0,981.0,6
481,61.0,1505.0,1797.0,6
482,34.0,1226.0,647.0,6
483,84.0,545.0,1685.0,2
484,59.0,775.0,1468.0,0
485,111.0,1248.0,1174.0,5
486,75.0,1359.0,1035.0,0
487,39.0,862.0,893.0,5
488,99.0,1274.0,924.0,0
489,90.0,1101.0,588.0,0
490,92.0,255.0,219.0,6
491,60.0,1327.0,890.0,5
492,94.0,705.0,1646.0,0
493,39.0,894.0,1039.0,0
494,54.0,1079.0,1020.0,0
495,41.0,488.0,1625.0,6
496,72.0,1194.0,551.0,0
497,69.0,891.0,1037.0,0
498,84.0,750.0,953.0,0
499,44.0,793.0,1204.0,5
500,109.0,1393.0,1132.0,5
501,108.0,1506.0,551.0,4
502,59.0,1680.0,1271.0,2
503,90.0,1145.0,218.0,6
504,84.0,639.0,1433.0,0
505,92.0,1183.0,992.0,6
506,64.0,1138.0,976.0,0
507,49.0,1166.0,640.0,0
508,101.0,783.0,1366.0,5
509,71.0,1826.0,1488.0,4
510,106.0,934.0,1423.0,6
511,84.0,726.0,1031.0,0
512,84.0,903.0,1228.0,0
513,84.0,1864.0,1180.0,2
514,114.0,1312.0,1257.0,5
515,89.0,1070.0,696.0,0
516,84.0,707.0,1644.0,0
517,47.0,695.0,1609.0,5
518,89.0,862.0,922.0,5
519,80.0,1194.0,1669.0,2
520,109.0,1364.0,735.0,5
521,29.0,498.0,900.0,2
522,84.0,724.0,139.0,0
523,89.0,646.0,819.0,0
524,51.0,1071.0,800.0,5
525,104.0,1021.0,1483.0,0
526,69.0,902.0,824.0,0
527,94.0,1051.0,1273.0,5
528,60.0,463.0,1349.0,4
529,77.0,704.0,1827.0,0
530,64.0,1017.0,1278.0,0
531,59.0,1118.0,1307.0,0
532,94.0,858.0,1021.0,5
533,64.0,728.0,1029.0,0
534,39.0,896.0,777.0,0
535,88.0,956.0,1471.0,5
536,59.0,851.0,1247.0,0
537,57.0,597.0,1496.0,5
538,84.0,971.0,1438.0,5
539,63.0,1073.0,327.0,6
540,57.0,212.0,1148.0,6
541,109.0,765.0,1530.0,6
542,52.0,1209.0,1236.0,6
543,91.0,1263.0,878.0,5
544,76.0,1327.0,1145.0,0
545,39.0,947.0,1161.0,6
546,70.0,495.0,1920.0,2
547,75.0,1018.0,1380.0,5
548,94.0,916.0,786.0,0
549,89.0,782.0,1312.0,6
550,47.0,774.0,928.0,5
551,34.0,756.0,1031.0,0
552,31.0,311.0,1349.0,4
553,67.0,757.0,1287.0,5
554,74.0,1827.0,1079.0,2
555,49.0,603.0,794.0,0
556,89.0,1139.0,501.0,0
557,69.0,613.0,1407.0,5
558,84.0,779.0,592.0,6
559,84.0,1101.0,793.0,0
560,101.0,932.0,931.0,0
561,54.0,754.0,1226.0,1
562,58.0,770.0,1362.0,5
563,59.0,1066.0,733.0,0
564,99.0,1357.0,1144.0,0
565,49.0,931.0,508.0,0
566,55.0,1025.0,1148.0,5
567,84.0,1136.0,767.0,0
568,109.0,1223.0,1069.0,0
569,89.0,1112.0,907.0,0
570,102.0,541.0,1541.0,2
571,89.0,1516.0,1915.0,2
572,74.0,995.0,1224.0,0
573,34.0,1172.0,193.0,2
574,69.0,1361.0,1031.0,0
575,54.0,1311.0,625.0,0
576,99.0,1101.0,793.0,0
577,99.0,1050.0,992.0,5
578,95.0,826.0,1303.0,1
579,99.0,876.0,628.0,1
580,79.0,1227.0,1240.0,6
581,89.0,1133.0,545.0,0
582,103.0,1323.0,985.0,0
583,49.0,1012.0,1179.0,0
584,44.0,777.0,1469.0,0
585,49.0,658.0,1888.0,2
586,74.0,846.0,522.0,0
587,105.0,1162.0,850.0,1
588,74.0,1373.0,1739.0,2
589,79.0,658.0,214.0,6
590,104.0,1477.0,1643.0,2
591,48.0,1095.0,862.0,5
592,69.0,768.0,996.0,0
593,44.0,1101.0,563.0,0
594,44.0,1168.0,641.0,0
595,84.0,768.0,654.0,5
596,91.0,932.0,1383.0,6
597,57.0,1374.0,1160.0,5
598,69.0,1279.0,1296.0,5
599,99.0,1517.0,1915.0,1
600,72.0,670.0,1476.0,5
601,114.0,1130.0,545.0,0
602,79.0,985.0,1013.0,0
603,64.0,971.0,895.0,5
604,59.0,1201.0,1076.0,0
605,99.0,1110.0,905.0,0
606,84.0,1646.0,1440.0,2
607,54.0,236.0,652.0,2
608,114.0,1562.0,1695.0,2
609,106.0,1426.0,1319.0,2
610,74.0,988.0,1621.0,5
611,84.0,1868.0,1111.0,2
612,74.0,708.0,1645.0,0
613,84.0,1372.0,1887.0,5
614,105.0,1440.0,1742.0,2
615,69.0,1180.0,900.0,0
616,69.0,1292.0,881.0,5
617,89.0,898.0,1424.0,0
618,109.0,995.0,1563.0,0
619,104.0,1131.0,676.0,0
620,75.0,839.0,1430.0,5
621,49.0,942.0,1095.0,0
622,59.0,753.0,1226.0,1
623,102.0,788.0,1141.0,6
624,39.0,283.0,1166.0,0
625,58.0,1187.0,797.0,5
626,79.0,897.0,998.0,0
627,49.0,1241.0,892.0,0
628,69.0,855.0,1169.0,0
629,54.0,1169.0,1379.0,0
630,55.0,1450.0,986.0,5
631,39.0,758.0,782.0,0
632,104.0,745.0,1629.0,5
633,105.0,633.0,1476.0,5
634,104.0,1869.0,1073.0,2
635,44.0,561.0,877.0,0
636,107.0,1235.0,1295.0,1
637,50.0,1338.0,1125.0,6
638,65.0,1272.0,546.0,4
639,109.0,1543.0,979.0,6
640,69.0,674.0,1310.0,0
641,90.0,918.0,1552.0,5
642,53.0,974.0,494.0,5
643,104.0,1042.0,1021.0,6
644,111.0,1753.0,1184.0,2
645,45.0,1301.0,749.0,5
646,74.0,1355.0,963.0,0
647,61.0,207.0,1568.0,6
648,106.0,1341.0,1155.0,0
649,64.0,940.0,1095.0,0
650,79.0,899.0,1425.0,0
651,89.0,285.0,483.0,6
652,54.0,692.0,822.0,0
653,57.0,1020.0,951.0,5
654,56.0,400.0,1465.0,2
655,74.0,651.0,1502.0,5
656,99.0,1088.0,1299.0,0
657,69.0,1153.0,1276.0,0
658,81.0,1055.0,1149.0,5
659,89.0,1646.0,1440.0,2
660,91.0,831.0,1663.0,5
661,98.0,710.0,1606.0,5
662,69.0,1077.0,1016.0,0
663,104.0,955.0,1535.0,5
664,89.0,1065.0,819.0,5
665,109.0,1326.0,1026.0,5
666,66.0,1081.0,703.0,6
667,73.0,648.0,1388.0,5
668,49.0,1197.0,962.0,0
669,95.0,1354.0,1461.0,6
670,103.0,1082.0,1134.0,5
671,69.0,1453.0,1036.0,5
672,89.0,902.0,1229.0,0
673,107.0,938.0,1459.0,5
674,88.0,901.0,1491.0,5
675,69.0,1451.0,889.0,5
676,93.0,1187.0,1025.0,5
677,74.0,1249.0,746.0,6
678,62.0,917.0,511.0,0
679,59.0,1178.0,1102.0,0
680,84.0,563.0,1708.0,2
681,84.0,1133.0,677.0,0
682,91.0,859.0,1144.0,5
683,39.0,909.0,1122.0,5
684,99.0,1306.0,1189.0,0
685,103.0,1089.0,1297.0,0
686,39.0,909.0,1395.0,0
687,104.0,1427.0,817.0,1
688,55.0,932.0,961.0,5
689,39.0,757.0,1407.0,0
690,63.0,696.0,703.0,2
691,101.0,1290.0,646.0,6
692,61.0,911.0,1354.0,5
693,97.0,967.0,1855.0,5
694,49.0,1298.0,672.0,5
695,104.0,1578.0,1745.0,2
696,59.0,1281.0,601.0,5
697,59.0,651.0,680.0,0
698,50.0,912.0,1557.0,5
699,49.0,683.0,1646.0,0
700,57.0,980.0,1069.0,5
701,69.0,785.0,1623.0,5
702,59.0,1166.0,638.0,0
703,111.0,1312.0,1272.0,5
704,41.0,1117.0,613.0,6
705,41.0,821.0,1416.0,6
706,55.0,1044.0,1494.0,5
707,66.0,1058.0,1550.0,5
708,94.0,1452.0,969.0,5
709,44.0,1201.0,1174.0,6
710,94.0,931.0,934.0,0
711,40.0,713.0,1310.0,5
712,49.0,1177.0,474.0,0
713,48.0,338.0,1202.0,4
714,48.0,1316.0,1120.0,5
715,62.0,1558.0,858.0,4
716,39.0,1176.0,752.0,0
717,66.0,671.0,1476.0,5
718,39.0,1220.0,1008.0,2
719,84.0,812.0,1580.0,0
720,84.0,883.0,632.0,0
721,101.0,804.0,1007.0,0
722,54.0,1153.0,1279.0,0
723,69.0,847.0,523.0,0
724,79.0,986.0,1500.0,5
725,76.0,273.0,208.0,4
726,59.0,1127.0,540.0,6
727,89.0,707.0,1644.0,0
728,52.0,883.0,865.0,5
729,94.0,1358.0,1031.0,0
730,49.0,814.0,1339.0,4
731,72.0,1266.0,687.0,5
732,64.0,744.0,593.0,6
733,59.0,846.0,1688.0,0
734,74.0,684.0,707.0,5
735,49.0,473.0,1810.0,6
736,37.0,860.0,1691.0,0
737,51.0,1218.0,509.0,5
738,78.0,1031.0,1439.0,5
739,101.0,994.0,1094.0,5
740,76.0,722.0,1035.0,0
741,79.0,1431.0,758.0,0
742,81.0,1099.0,838.0,5
743,39.0,702.0,687.0,0
744,74.0,1330.0,735.0,5
745,92.0,1084.0,1136.0,5
746,84.0,1147.0,1023.0,5
747,91.0,1698.0,1666.0,2
748,59.0,1226.0,850.0,5
749,63.0,690.0,1601.0,5
750,75.0,778.0,1253.0,5
751,59.0,1099.0,1377.0,0
752,54.0,1141.0,703.0,0
753,41.0,943.0,631.0,5
754,75.0,1778.0,1172.0,2
755,89.0,830.0,1766.0,2
756,84.0,855.0,1767.0,2
757,84.0,1224.0,996.0,0
758,69.0,918.0,1632.0,0
759,87.0,893.0,906.0,0
760,89.0,669.0,879.0,0
761,39.0,1058.0,481.0,0
762,74.0,1297.0,1116.0,0
763,84.0,1079.0,1263.0,5
764,60.0,747.0,985.0,5
765,57.0,1011.0,1180.0,0
766,62.0,1322.0,788.0,0
767,90.0,435.0,231.0,6
768,46.0,908.0,600.0,5
769,109.0,531.0,1569.0,2
770,71.0,1474.0,857.0,5
771,54.0,1235.0,950.0,0
772,54.0,1231.0,1215.0,0
773,45.0,602.0,1534.0,5
774,59.0,675.0,1310.0,0
775,59.0,1196.0,556.0,0
776,99.0,756.0,1216.0,1
777,104.0,1573.0,1913.0,2
778,64.0,1432.0,757.0,0
779,54.0,605.0,797.0,0
780,94.0,1645.0,1440.0,2
781,67.0,751.0,690.0,6
782,74.0,904.0,1227.0,0
783,46.0,1105.0,964.0,5
784,60.0,606.0,1531.0,5
785,74.0,1364.0,679.0,5
786,79.0,1175.0,900.0,0
787,81.0,1756.0,1206.0,2
788,49.0,678.0,919.0,0
789,99.0,1075.0,748.0,1
790,93.0,920.0,839.0,5
791,84.0,772.0,1523.0,6
792,46.0,694.0,1858.0,6
793,77.0,1396.0,1194.0,5
794,49.0,892.0,1661.0,5
795,49.0,1219.0,1355.0,0
796,43.0,1059.0,768.0,5
797,89.0,1186.0,1668.0,2
798,105.0,1135.0,698.0,0
799,85.0,1353.0,819.0,0
800,99.0,1020.0,1485.0,0
801,84.0,767.0,996.0,0
802,63.0,533.0,1852.0,4
803,104.0,1189.0,992.0,0
804,69.0,906.0,1229.0,0
805,62.0,1146.0,733.0,6
806,59.0,1156.0,1274.0,0
807,54.0,699.0,684.0,0
808,79.0,853.0,1565.0,5
809,51.0,790.0,1304.0,6
810,65.0,781.0,590.0,5
811,93.0,849.0,1549.0,5
812,104.0,1189.0,1262.0,0
813,39.0,830.0,1196.0,5
814,94.0,807.0,1008.0,0
815,99.0,1870.0,1074.0,2
816,74.0,695.0,166.0,2
817,71.0,1210.0,685.0,5
818,36.0,840.0,1523.0,0
819,102.0,718.0,1223.0,5
820,64.0,837.0,1685.0,0
821,57.0,898.0,775.0,0
822,101.0,1859.0,1176.0,2
823,74.0,1115.0,1305.0,0
824,92.0,1323.0,986.0,0
825,69.0,594.0,199.0,2
826,78.0,866.0,1451.0,5
827,36.0,1198.0,558.0,4
828,54.0,1099.0,1376.0,0
829,99.0,1156.0,639.0,5
830,57.0,1270.0,1900.0,4
831,57.0,906.0,1395.0,0
832,50.0,1364.0,1198.0,5
833,99.0,984.0,511.0,5
834,36.0,870.0,1218.0,5
835,54.0,1177.0,471.0,0
836,47.0,1127.0,1168.0,6
837,64.0,919.0,1632.0,0
838,102.0,1098.0,838.0,5
839,74.0,818.0,1132.0,0
840,29.0,698.0,887.0,0
841,89.0,808.0,1007.0,0
842,102.0,982.0,1010.0,0
843,99.0,1137.0,766.0,0
844,79.0,1138.0,766.0,0
845,59.0,1285.0,1202.0,0
846,91.0,944.0,1294.0,6
847,99.0,832.0,947.0,5
848,79.0,641.0,1433.0,0
849,54.0,942.0,789.0,5
850,44.0,591.0,937.0,6
851,94.0,1111.0,906.0,0
852,71.0,753.0,1225.0,1
853,104.0,1458.0,919.0,0
854,93.0,1370.0,1106.0,5
855,58.0,1069.0,799.0,5
856,77.0,827.0,1464.0,5
857,109.0,866.0,1726.0,6
858,64.0,774.0,1469.0,0
859,105.0,893.0,1046.0,5
860,69.0,905.0,641.0,0
861,74.0,932.0,935.0,0
862,64.0,1694.0,633.0,2
863,90.0,1157.0,1123.0,6
864,69.0,774.0,1468.0,0
865,44.0,1219.0,1356.0,0
866,49.0,1595.0,1820.0,6
867,104.0,1380.0,916.0,0
868,79.0,683.0,142.0,2
869,29.0,1181.0,473.0,0
870,64.0,1627.0,1508.0,2
871,79.0,765.0,1650.0,0
872,99.0,1071.0,693.0,0
873,92.0,1240.0,1171.0,5
874,54.0,938.0,1511.0,0
875,99.0,902.0,1227.0,0
876,64.0,644.0,1434.0,0
877,44.0,636.0,1299.0,0
878,39.0,781.0,1133.0,5
879,75.0,964.0,609.0,0
880,102.0,751.0,1461.0,0
881,45.0,873.0,1622.0,5
882,64.0,229.0,195.0,4
883,74.0,1267.0,780.0,0
884,39.0,227.0,1086.0,2
885,34.0,902.0,776.0,0
886,76.0,1056.0,565.0,0
887,49.0,1373.0,1162.0,5
888,62.0,716.0,1085.0,2
889,99.0,1459.0,919.0,0
890,109.0,728.0,703.0,0
891,74.0,1035.0,1334.0,0
892,64.0,1270.0,783.0,0
893,74.0,1385.0,1292.0,4
894,101.0,1072.0,954.0,1
895,99.0,855.0,1019.0,5
896,49.0,1146.0,800.0,0
897,99.0,1402.0,1879.0,2
898,54.0,925.0,696.0,0
899,39.0,1003.0,915.0,0
900,84.0,1232.0,912.0,0
901,59.0,818.0,1135.0,0
902,54.0,1152.0,227.0,2
903,89.0,1533.0,1759.0,2
904,54.0,749.0,955.0,5
905,64.0,1200.0,1075.0,0
906,89.0,748.0,951.0,0
907,35.0,917.0,723.0,6
908,64.0,754.0,1405.0,0
909,49.0,1203.0,1285.0,0
910,114.0,1818.0,1160.0,2
911,47.0,846.0,752.0,4
912,79.0,1629.0,1507.0,2
913,59.0,1176.0,902.0,0
914,65.0,1825.0,239.0,4
915,74.0,718.0,1030.0,0
916,60.0,1334.0,707.0,5
917,84.0,1199.0,616.0,0
918,69.0,1202.0,1282.0,0
919,44.0,910.0,640.0,0
920,91.0,1038.0,1240.0,5
921,109.0,1818.0,1162.0,2
922,61.0,1224.0,778.0,0
923,66.0,862.0,821.0,5
924,99.0,220.0,1765.0,6
925,77.0,724.0,140.0,2
926,49.0,1364.0,995.0,5
927,44.0,814.0,1459.0,5
928,54.0,1239.0,1047.0,5
929,59.0,1217.0,1353.0,0
930,84.0,1537.0,1760.0,2
931,46.0,1323.0,719.0,5
932,86.0,1419.0,1235.0,2
933,45.0,992.0,1304.0,5
934,49.0,615.0,1341.0,6
935,47.0,1089.0,1127.0,5
936,77.0,779.0,590.0,5
937,44.0,1170.0,1249.0,1
938,59.0,1150.0,578.0,0
939,54.0,1055.0,479.0,0
940,77.0,1336.0,1805.0,1
941,104.0,1133.0,543.0,0
942,89.0,1199.0,960.0,5
943,87.0,851.0,571.0,5
944,114.0,1476.0,823.0,0
945,99.0,667.0,879.0,0
946,59.0,668.0,1087.0,0
947,45.0,982.0,1069.0,5
948,56.0,880.0,674.0,0
949,77.0,910.0,698.0,5
950,79.0,755.0,1652.0,0
951,79.0,883.0,1334.0,5
952,69.0,985.0,835.0,5
953,84.0,918.0,738.0,0
954,64.0,924.0,696.0,0
955,114.0,1608.0,1514.0,2
956,79.0,815.0,1584.0,0
957,44.0,802.0,888.0,0
958,39.0,1201.0,1282.0,5
959,103.0,822.0,1304.0,1
960,89.0,994.0,1054.0,5
961,51.0,1092.0,902.0,5
962,104.0,1223.0,996.0,0
963,99.0,997.0,1564.0,0
964,57.0,877.0,503.0,5
965,59.0,1169.0,1381.0,0
966,60.0,703.0,1244.0,5
967,44.0,877.0,504.0,4
968,95.0,768.0,1563.0,5
969,64.0,1285.0,1200.0,0
970,84.0,648.0,992.0,5
971,88.0,1472.0,1894.0,5
972,86.0,895.0,1113.0,5
973,114.0,1454.0,1691.0,2
974,84.0,1067.0,732.0,0
975,96.0,1270.0,719.0,5
976,77.0,1300.0,715.0,5
977,49.0,757.0,1291.0,5
978,45.0,1059.0,1357.0,5
979,114.0,1578.0,1745.0,2
980,31.0,1098.0,523.0,6
981,44.0,973.0,757.0,5
982,78.0,711.0,1401.0,5
983,104.0,663.0,1609.0,6
984,64.0,654.0,1884.0,2
985,79.0,815.0,1132.0,0
986,48.0,1389.0,836.0,5
987,39.0,1014.0,1180.0,0
988,64.0,1153.0,1275.0,0
989,99.0,1458.0,1689.0,2
990,79.0,719.0,1829.0,0
991,99.0,1300.0,808.0,0
992,73.0,1577.0,1835.0,2
993,38.0,1080.0,1265.0,0
994,94.0,1100.0,796.0,0
995,44.0,913.0,737.0,6
996,108.0,1182.0,892.0,6
997,89.0,1411.0,1089.0,5
998,94.0,1023.0,729.0,0
999,44.0,996.0,797.0,5
1000,87.0,822.0,602.0,6
1001,57.0,1414.0,719.0,5
1002,74.0,979.0,561.0,0
1003,94.0,1092.0,1300.0,0
1004,70.0,1284.0,1161.0,5
1005,59.0,1675.0,1303.0,6
1006,57.0,1215.0,509.0,5
1007,91.0,997.0,1192.0,2
1008,64.0,1099.0,1376.0,0
1009,94.0,1475.0,826.0,0
1010,89.0,1436.0,1120.0,0
1011,90.0,1276.0,924.0,0
1012,45.0,1124.0,1161.0,6
1013,107.0,903.0,502.0,0
1014,44.0,1025.0,696.0,0
1015,39.0,1005.0,464.0,5
1016,86.0,723.0,1037.0,0
1017,84.0,1036.0,1332.0,0
1018,64.0,1182.0,1205.0,0
1019,86.0,661.0,219.0,6
1020,66.0,1170.0,850.0,5
1021,54.0,217.0,684.0,2
1022,88.0,1364.0,1230.0,5
1023,56.0,1131.0,469.0,5
1024,60.0,1394.0,1128.0,5
1025,54.0,1285.0,1201.0,0
1026,104.0,1435.0,1118.0,0
1027,44.0,1171.0,755.0,0
1028,104.0,1119.0,1207.0,0
1029,69.0,1234.0,948.0,0
1030,39.0,304.0,305.0,2
1031,109.0,1645.0,1439.0,2
1032,105.0,925.0,502.0,0
1033,39.0,768.0,1624.0,5
1034,39.0,615.0,1478.0,5
1035,59.0,1376.0,1858.0,2
1036,79.0,1204.0,1281.0,0
1037,99.0,1321.0,847.0,0
1038,49.0,890.0,1038.0,0
1039,66.0,738.0,1335.0,5
1040,84.0,754.0,1461.0,0
1041,39.0,855.0,1064.0,5
1042,114.0,1305.0,1185.0,0
1043,61.0,841.0,892.0,0
1044,64.0,1147.0,580.0,0
1045,99.0,1643.0,1436.0,2
1046,47.0,1124.0,767.0,5
1047,72.0,706.0,1515.0,5
1048,56.0,790.0,1209.0,5
1049,106.0,1142.0,1343.0,6
1050,44.0,641.0,1326.0,5
1051,90.0,873.0,1759.0,2
1052,66.0,1221.0,415.0,6
1053,69.0,1135.0,704.0,0
1054,36.0,713.0,1008.0,5
1055,64.0,1239.0,893.0,0
1056,76.0,732.0,1444.0,5
1057,72.0,1473.0,783.0,5
1058,64.0,1035.0,1333.0,0
1059,107.0,1236.0,667.0,6
1060,44.0,283.0,1167.0,2
1061,66.0,899.0,1118.0,5
1062,73.0,820.0,1306.0,5
1063,104.0,1473.0,826.0,0
1064,48.0,1230.0,1219.0,4
1065,37.0,898.0,1354.0,6
1066,54.0,1058.0,1166.0,0
1067,74.0,951.0,519.0,5
1068,92.0,947.0,462.0,4
1069,94.0,892.0,874.0,0
1070,47.0,625.0,830.0,6
1071,114.0,1549.0,1312.0,2
1072,78.0,1392.0,718.0,5
1073,73.0,1693.0,1671.0,2
1074,54.0,930.0,509.0,0
1075,79.0,815.0,1011.0,0
1076,75.0,639.0,948.0,5
1077,79.0,984.0,1128.0,5
1078,97.0,1497.0,1597.0,2
1079,47.0,1023.0,952.0,5
1080,84.0,619.0,869.0,0
1081,74.0,1017.0,985.0,0
1082,63.0,899.0,997.0,0
1083,94.0,1870.0,1071.0,2
1084,59.0,758.0,1654.0,0
1085,101.0,996.0,1242.0,0
1086,104.0,1566.0,1797.0,6
1087,84.0,1299.0,715.0,5
1088,92.0,970.0,838.0,6
1089,82.0,1472.0,1894.0,0
1090,56.0,1218.0,1006.0,2
1091,79.0,1255.0,1105.0,5
1092,109.0,1321.0,903.0,0
1093,90.0,1336.0,1118.0,5
1094,114.0,1373.0,1218.0,5
1095,94.0,1017.0,1306.0,5
1096,84.0,538.0,1554.0,2
1097,43.0,775.0,243.0,6
1098,39.0,560.0,876.0,0
1099,109.0,1544.0,1693.0,2
1100,103.0,1270.0,718.0,5
1101,41.0,948.0,988.0,6
1102,103.0,1188.0,752.0,6
1103,99.0,751.0,1770.0,2
1104,62.0,219.0,660.0,2
1105,69.0,1259.0,1140.0,5
1106,54.0,894.0,908.0,0
1107,39.0,684.0,1648.0,0
1108,40.0,954.0,1369.0,5
1109,114.0,1111.0,904.0,0
1110,90.0,873.0,711.0,5
1111,57.0,934.0,1049.0,5
1112,69.0,757.0,1654.0,0
1113,89.0,953.0,1599.0,5
1114,89.0,874.0,1741.0,2
1115,65.0,897.0,1150.0,5
1116,69.0,856.0,1024.0,5
1117,64.0,890.0,1038.0,0
1118,69.0,1417.0,1261.0,2
1119,99.0,709.0,767.0,5
1120,109.0,1025.0,502.0,6
1121,99.0,855.0,981.0,5
1122,84.0,893.0,872.0,0
1123,34.0,650.0,1049.0,5
1124,102.0,1002.0,689.0,0
1125,74.0,756.0,1652.0,0
1126,97.0,1406.0,749.0,5
1127,36.0,939.0,885.0,5
1128,56.0,1153.0,1146.0,6
1129,91.0,915.0,714.0,0
1130,88.0,1108.0,1112.0,5
1131,112.0,1270.0,1238.0,5
1132,89.0,916.0,786.0,0
1133,54.0,1418.0,830.0,5
1134,104.0,1138.0,766.0,0
1135,89.0,1252.0,1104.0,5
1136,74.0,1202.0,1283.0,0
1137,73.0,1802.0,1124.0,4
1138,89.0,1036.0,465.0,5
1139,89.0,725.0,1029.0,0
1140,84.0,564.0,1703.0,2
1141,64.0,667.0,1084.0,0
1142,104.0,1389.0,1778.0,1
1143,54.0,1208.0,366.0,4
1144,49.0,1215.0,645.0,5
1145,74.0,921.0,740.0,0
1146,64.0,1234.0,949.0,0
1147,47.0,1286.0,1156.0,1
1148,64.0,1114.0,1008.0,5
1149,64.0,1116.0,1307.0,0
1150,102.0,1303.0,683.0,5
1151,88.0,1024.0,1122.0,5
1152,79.0,1078.0,1014.0,0
1153,105.0,1199.0,615.0,0
1154,110.0,1438.0,1688.0,2
1155,59.0,895.0,908.0,0
1156,61.0,1128.0,1327.0,0
1157,99.0,1474.0,827.0,0
1158,59.0,711.0,1398.0,5
1159,84.0,898.0,1425.0,0
1160,81.0,943.0,651.0,5
1161,54.0,1035.0,1332.0,0
1162,48.0,1238.0,1110.0,6
1163,34.0,900.0,1184.0,0
1164,56.0,1036.0,1235.0,2
1165,84.0,1357.0,962.0,0
1166,79.0,913.0,1631.0,0
1167,59.0,975.0,493.0,5
1168,59.0,1036.0,1333.0,0
1169,72.0,822.0,814.0,5
1170,58.0,1253.0,1176.0,5
1171,64.0,1140.0,704.0,0
1172,59.0,857.0,1025.0,5
1173,109.0,1388.0,1781.0,1
1174,49.0,1002.0,917.0,0
1175,74.0,901.0,825.0,0
1176,94.0,1174.0,712.0,0
1177,92.0,1152.0,1403.0,6
1178,39.0,1101.0,563.0,0
1179,104.0,999.0,1341.0,0
1180,79.0,1152.0,1274.0,0
1181,59.0,1074.0,1262.0,0
1182,64.0,1210.0,686.0,5
1183,60.0,275.0,203.0,6
1184,77.0,1020.0,525.0,5
1185,54.0,842.0,892.0,0
1186,72.0,1329.0,695.0,5
1187,96.0,955.0,873.0,6
1188,59.0,693.0,821.0,0
1189,79.0,538.0,1552.0,2
1190,46.0,968.0,1401.0,5
1191,69.0,1723.0,1170.0,2
1192,84.0,1017.0,1278.0,0
1193,69.0,1208.0,592.0,5
1194,46.0,871.0,1133.0,5
1195,46.0,1109.0,734.0,5
1196,94.0,833.0,1765.0,2
1197,84.0,1360.0,1031.0,0
1198,34.0,1181.0,472.0,0
1199,95.0,1052.0,629.0,6
1200,34.0,952.0,460.0,6
1201,49.0,1084.0,1505.0,5
1202,84.0,1326.0,1163.0,0
1203,79.0,1089.0,1297.0,0
1204,84.0,917.0,784.0,0
1205,44.0,647.0,1366.0,5
1206,104.0,779.0,742.0,0
1207,99.0,1335.0,1221.0,5
1208,74.0,805.0,1491.0,5
1209,39.0,166.0,1244.0,2
1210,102.0,717.0,729.0,0
1211,60.0,268.0,1613.0,6
1212,54.0,1627.0,1509.0,2
1213,77.0,680.0,1134.0,0
1214,59.0,1167.0,1041.0,5
1215,62.0,929.0,665.0,6
1216,86.0,646.0,682.0,0
1217,60.0,258.0,1183.0,4
1218,93.0,885.0,957.0,5
1219,35.0,619.0,1541.0,6
1220,75.0,925.0,1363.0,5
1221,44.0,931.0,510.0,0
1222,93.0,984.0,512.0,5
1223,61.0,1594.0,1517.0,2
1224,94.0,729.0,703.0,0
1225,89.0,1307.0,1912.0,6
1226,74.0,1142.0,767.0,0
1227,99.0,973.0,957.0,0
1228,93.0,1334.0,1514.0,6
1229,99.0,1027.0,730.0,0
1230,57.0,1421.0,1644.0,5
1231,104.0,920.0,740.0,0
1232,69.0,1105.0,515.0,5
1233,93.0,1164.0,848.0,5
1234,74.0,1137.0,975.0,0
1235,74.0,717.0,1829.0,2
1236,44.0,1369.0,874.0,0
1237,109.0,1882.0,1054.0,2
1238,74.0,689.0,819.0,0
1239,74.0,1178.0,899.0,0
1240,79.0,1017.0,982.0,0
1241,83.0,1088.0,1143.0,5
1242,74.0,1089.0,544.0,6
1243,71.0,1103.0,1595.0,1
1244,107.0,1324.0,1817.0,1
1245,49.0,1263.0,1242.0,5
1246,76.0,882.0,1572.0,5
1247,48.0,1134.0,901.0,5
1248,56.0,763.0,1108.0,6
1249,74.0,1870.0,1113.0,2
1250,49.0,907.0,1078.0,5
1251,44.0,1197.0,963.0,0
1252,54.0,1018.0,868.0,0
1253,96.0,1086.0,458.0,6
1254,64.0,960.0,1267.0,0
1255,84.0,1346.0,1783.0,1
1256,79.0,1443.0,1743.0,2
1257,109.0,1578.0,1745.0,2
1258,39.0,974.0,195.0,2
1259,69.0,985.0,1316.0,5
1260,109.0,1573.0,1914.0,2
1261,94.0,918.0,740.0,0
1262,62.0,1105.0,934.0,5
1263,77.0,685.0,713.0,5
1264,57.0,968.0,696.0,5
1265,104.0,1300.0,811.0,0
1266,84.0,901.0,504.0,0
1267,52.0,1150.0,1144.0,6
1268,104.0,1092.0,1516.0,5
1269,69.0,1065.0,734.0,0
1270,71.0,1285.0,1201.0,0
1271,114.0,1645.0,1439.0,2
1272,64.0,718.0,1030.0,0
1273,54.0,1169.0,1247.0,0
1274,49.0,494.0,1920.0,2
1275,92.0,1024.0,501.0,6
1276,100.0,969.0,1436.0,5
1277,74.0,1083.0,1016.0,0
1278,44.0,697.0,1133.0,0
1279,102.0,1485.0,835.0,0
1280,49.0,1099.0,563.0,0
1281,104.0,878.0,626.0,0
1282,79.0,707.0,1645.0,0
1283,73.0,627.0,1554.0,5
1284,78.0,1000.0,1057.0,5
1285,89.0,975.0,1132.0,5
1286,91.0,825.0,1464.0,5
1287,54.0,756.0,1405.0,0
1288,91.0,669.0,1760.0,4
1289,89.0,856.0,1767.0,2
1290,47.0,1220.0,1007.0,2
1291,104.0,1648.0,1440.0,2
1292,54.0,856.0,1171.0,0
1293,89.0,1346.0,1782.0,1
1294,44.0,839.0,389.0,6
1295,59.0,695.0,1131.0,0
1296,99.0,591.0,826.0,6
1297,87.0,1055.0,1148.0,5
1298,79.0,1229.0,1068.0,0
1299,54.0,683.0,1569.0,0
1300,107.0,1275.0,1519.0,6
1301,76.0,856.0,1064.0,5
1302,30.0,1211.0,363.0,4
1303,104.0,1544.0,1695.0,2
1304,64.0,691.0,820.0,0
1305,59.0,892.0,1039.0,0
1306,64.0,895.0,909.0,0
1307,47.0,857.0,243.0,6
1308,34.0,912.0,1083.0,5
1309,61.0,1393.0,1016.0,5
1310,94.0,747.0,951.0,0
1311,109.0,1549.0,1313.0,0
1312,99.0,1142.0,1539.0,2
1313,54.0,1002.0,916.0,0
1314,78.0,1093.0,1068.0,6
1315,89.0,1143.0,1135.0,6
1316,39.0,883.0,676.0,0
1317,99.0,1345.0,1781.0,1
1318,89.0,979.0,559.0,0
1319,54.0,883.0,1437.0,0
1320,94.0,1865.0,1112.0,2
1321,49.0,1098.0,1375.0,0
1322,77.0,709.0,927.0,0
1323,57.0,1090.0,900.0,5
1324,69.0,966.0,611.0,0
1325,62.0,972.0,734.0,2
1326,60.0,318.0,1518.0,6
1327,49.0,218.0,686.0,2
1328,104.0,1113.0,325.0,6
1329,99.0,1326.0,904.0,0
1330,37.0,829.0,1583.0,5
1331,94.0,1480.0,1639.0,2
1332,72.0,1832.0,1612.0,6
1333,64.0,1098.0,565.0,0
1334,74.0,649.0,681.0,0
1335,92.0,847.0,1697.0,6
1336,94.0,1239.0,654.0,6
1337,59.0,839.0,1523.0,0
1338,89.0,1225.0,994.0,0
1339,86.0,1232.0,949.0,0
1340,64.0,1178.0,900.0,0
1341,64.0,996.0,1533.0,5
1342,39.0,888.0,1439.0,0
1343,80.0,1193.0,1105.0,6
1344,56.0,1381.0,1227.0,5
1345,69.0,996.0,1225.0,0
1346,56.0,1348.0,1080.0,5
1347,92.0,496.0,1555.0,6
1348,69.0,717.0,1830.0,2
1349,74.0,768.0,1592.0,5
1350,49.0,869.0,574.0,0
1351,79.0,1015.0,1280.0,0
1352,62.0,1281.0,1026.0,5
1353,76.0,489.0,1622.0,6
1354,85.0,930.0,1054.0,5
1355,54.0,857.0,1399.0,0
1356,54.0,1135.0,433.0,5
1357,99.0,919.0,739.0,0
1358,109.0,1021.0,1483.0,0
1359,48.0,1049.0,919.0,5
1360,61.0,660.0,1539.0,5
1361,63.0,1366.0,680.0,5
1362,95.0,943.0,1181.0,5
1363,49.0,953.0,827.0,6
1364,79.0,1260.0,1139.0,5
1365,51.0,1225.0,780.0,0
1366,69.0,648.0,680.0,0
1367,49.0,1264.0,688.0,5
1368,59.0,1078.0,1018.0,0
1369,97.0,638.0,1475.0,5
1370,44.0,908.0,457.0,2
1371,84.0,1642.0,1799.0,2
1372,104.0,952.0,1498.0,5
1373,65.0,1360.0,640.0,4
1374,34.0,401.0,1605.0,2
1375,69.0,750.0,740.0,5
1376,94.0,718.0,701.0,0
1377,69.0,1268.0,782.0,0
1378,101.0,936.0,1180.0,5
1379,74.0,1055.0,838.0,0
1380,74.0,1432.0,757.0,0
1381,74.0,1354.0,817.0,0
1382,69.0,725.0,1032.0,0
1383,44.0,1025.0,1455.0,0
1384,44.0,702.0,685.0,0
1385,59.0,938.0,1512.0,0
1386,101.0,817.0,1625.0,5
1387,69.0,1168.0,753.0,0
1388,64.0,795.0,1687.0,0
1389,54.0,1283.0,600.0,5
1390,76.0,1131.0,1325.0,0
1391,103.0,1672.0,1928.0,2
1392,69.0,731.0,1191.0,5
1393,69.0,993.0,772.0,5
1394,94.0,898.0,1423.0,0
1395,99.0,917.0,785.0,0
1396,46.0,1297.0,509.0,6
1397,49.0,1273.0,1269.0,5
1398,89.0,1249.0,822.0,0
1399,114.0,1352.0,1144.0,0
1400,104.0,727.0,702.0,0
1401,103.0,1372.0,1737.0,2
1402,110.0,744.0,1698.0,6
1403,80.0,957.0,1229.0,5
1404,69.0,1055.0,839.0,0
1405,69.0,923.0,740.0,0
1406,55.0,951.0,826.0,5
1407,55.0,1022.0,1454.0,0
1408,79.0,1188.0,1667.0,2
1409,84.0,940.0,1512.0,0
1410,54.0,1323.0,786.0,0
1411,46.0,677.0,1409.0,5
1412,67.0,718.0,890.0,0
1413,74.0,785.0,1621.0,5
1414,43.0,1049.0,1300.0,5
1415,54.0,1193.0,962.0,0
1416,89.0,1001.0,1344.0,0
1417,84.0,1224.0,1069.0,0
1418,69.0,1281.0,601.0,5
1419,70.0,715.0,1085.0,2
1420,39.0,893.0,1252.0,5
1421,84.0,964.0,1266.0,0
1422,79.0,1062.0,781.0,5
1423,99.0,1000.0,1342.0,0
1424,93.0,1634.0,1437.0,2
1425,56.0,525.0,1443.0,2
1426,79.0,731.0,704.0,0
1427,74.0,900.0,1426.0,0
1428,47.0,1348.0,758.0,0
1429,84.0,1355.0,1194.0,5
1430,47.0,1139.0,1413.0,6
1431,59.0,856.0,1400.0,0
1432,79.0,1147.0,877.0,5
1433,34.0,880.0,168.0,2
1434,32.0,814.0,599.0,0
1435,79.0,1023.0,664.0,4
1436,86.0,1062.0,779.0,5
1437,42.0,927.0,889.0,5
1438,58.0,1057.0,1167.0,0
1439,104.0,851.0,1445.0,5
1440,69.0,941.0,1094.0,0
1441,74.0,877.0,1654.0,5
1442,47.0,905.0,1146.0,6
1443,109.0,819.0,722.0,0
1444,49.0,1120.0,1310.0,0
1445,69.0,823.0,1133.0,0
1446,72.0,1159.0,947.0,5
1447,50.0,539.0,1414.0,4
1448,88.0,1412.0,1158.0,5
1449,103.0,639.0,595.0,2
1450,78.0,1063.0,1420.0,5
1451,41.0,1337.0,691.0,5
1452,94.0,1130.0,676.0,0
1453,47.0,1128.0,527.0,5
1454,62.0,1012.0,1061.0,5
1455,84.0,1373.0,1738.0,2
1456,79.0,1532.0,1760.0,2
1457,64.0,1167.0,755.0,0
1458,108.0,1592.0,1600.0,2
1459,81.0,1323.0,989.0,0
1460,35.0,1139.0,1398.0,6
1461,69.0,1138.0,976.0,0
1462,69.0,967.0,968.0,5
1463,59.0,1270.0,782.0,0
1464,84.0,1220.0,775.0,0
1465,104.0,819.0,721.0,0
1466,62.0,901.0,1153.0,6
1467,84.0,1097.0,1376.0,0
1468,64.0,1024.0,733.0,0
1469,78.0,918.0,785.0,0
1470,45.0,1028.0,1064.0,5
1471,47.0,688.0,1531.0,5
1472,89.0,1023.0,733.0,0
1473,89.0,671.0,1309.0,0
1474,104.0,998.0,1562.0,0
1475,49.0,648.0,759.0,5
1476,49.0,908.0,638.0,0
1477,34.0,697.0,885.0,0
1478,39.0,632.0,1298.0,0
1479,56.0,371.0,843.0,2
1480,94.0,1861.0,1178.0,2
1481,94.0,752.0,1771.0,2
1482,99.0,1317.0,904.0,0
1483,49.0,1237.0,751.0,5
1484,99.0,1238.0,1295.0,0
1485,74.0,1330.0,1162.0,0
1486,60.0,992.0,1354.0,5
1487,110.0,1474.0,869.0,5
1488,59.0,941.0,1095.0,0
1489,59.0,557.0,876.0,0
1490,104.0,824.0,1123.0,5
1491,109.0,1074.0,748.0,1
1492,32.0,703.0,1171.0,6
1493,102.0,1336.0,770.0,4
1494,106.0,1068.0,1576.0,6
1495,64.0,1264.0,1242.0,5
1496,89.0,1374.0,1737.0,2
1497,66.0,991.0,1011.0,0
1498,78.0,630.0,908.0,5
1499,69.0,1222.0,778.0,0
1500,105.0,1274.0,1313.0,5
1501,91.0,1758.0,1182.0,2
1502,89.0,1090.0,1299.0,0
1503,104.0,1067.0,817.0,5
1504,64.0,295.0,1318.0,2
1505,58.0,1217.0,640.0,5
1506,61.0,713.0,1387.0,5
1507,34.0,683.0,1568.0,0
1508,94.0,1299.0,1116.0,0
1509,59.0,645.0,759.0,5
1510,86.0,693.0,165.0,2
1511,90.0,883.0,1362.0,4
1512,79.0,723.0,1028.0,0
1513,44.0,941.0,1094.0,0
1514,62.0,794.0,1427.0,5
1515,58.0,698.0,1469.0,5
1516,106.0,815.0,663.0,5
1517,74.0,536.0,1841.0,4
1518,52.0,1093.0,837.0,5
1519,84.0,697.0,1555.0,5
1520,84.0,718.0,1029.0,0
1521,96.0,662.0,1609.0,6
1522,45.0,803.0,597.0,0
1523,97.0,1112.0,1156.0,5
1524,79.0,1036.0,1334.0,0
1525,89.0,876.0,1653.0,5
1526,92.0,1065.0,1589.0,6
1527,105.0,1161.0,953.0,6
1528,84.0,1083.0,1016.0,0
1529,69.0,969.0,1270.0,0
1530,57.0,1157.0,1087.0,5
1531,63.0,1105.0,1594.0,1
1532,43.0,887.0,1699.0,5
1533,62.0,1284.0,838.0,6
1534,109.0,1454.0,1690.0,2
1535,89.0,781.0,745.0,6
1536,69.0,1330.0,1162.0,0
1537,49.0,1146.0,587.0,0
1538,54.0,847.0,1690.0,0
1539,59.0,753.0,1405.0,0
1540,104.0,1532.0,1758.0,2
1541,41.0,879.0,167.0,2
1542,54.0,776.0,1469.0,0
1543,98.0,1323.0,1818.0,1
1544,75.0,770.0,996.0,0
1545,109.0,626.0,1205.0,6
1546,99.0,1619.0,1637.0,2
1547,88.0,902.0,1151.0,5
1548,80.0,1109.0,1109.0,5
1549,79.0,1420.0,939.0,0
1550,69.0,1240.0,892.0,0
1551,73.0,752.0,743.0,5
1552,77.0,1021.0,807.0,0
1553,54.0,998.0,1227.0,0
1554,62.0,938.0,1448.0,5
1555,104.0,1102.0,792.0,0
1556,89.0,1103.0,1442.0,6
1557,44.0,870.0,574.0,0
1558,64.0,1169.0,1381.0,0
1559,49.0,1161.0,1082.0,5
1560,107.0,926.0,902.0,0
1561,34.0,1143.0,341.0,4
1562,84.0,1022.0,733.0,0
1563,100.0,1064.0,1493.0,5
1564,49.0,710.0,1342.0,5
1565,90.0,1074.0,1093.0,5
1566,109.0,1454.0,1074.0,5
1567,77.0,1153.0,498.0,0
1568,102.0,927.0,1130.0,5
1569,35.0,1242.0,606.0,0
1570,109.0,1301.0,806.0,0
1571,48.0,1170.0,923.0,6
1572,59.0,926.0,695.0,0
1573,79.0,1298.0,1118.0,0
1574,66.0,1057.0,566.0,0
1575,38.0,859.0,1399.0,0
1576,68.0,1110.0,867.0,5
1577,94.0,1346.0,1783.0,1
1578,76.0,484.0,1366.0,6
1579,64.0,968.0,610.0,0
1580,84.0,829.0,1519.0,5
1581,51.0,967.0,695.0,5
1582,39.0,1176.0,834.0,6
1583,71.0,862.0,821.0,5
1584,75.0,714.0,853.0,4
1585,106.0,698.0,1358.0,6
1586,80.0,1259.0,609.0,4
1587,69.0,1153.0,498.0,0
1588,39.0,1182.0,474.0,0
1589,36.0,1347.0,735.0,0
1590,109.0,1854.0,1039.0,2
1591,103.0,713.0,1570.0,5
1592,69.0,695.0,1129.0,0
1593,54.0,1346.0,759.0,0
1594,99.0,963.0,857.0,6
1595,54.0,1182.0,1205.0,0
1596,50.0,482.0,1524.0,4
1597,94.0,717.0,613.0,5
1598,34.0,304.0,305.0,2
1599,87.0,1022.0,812.0,0
1600,36.0,1049.0,1301.0,5
1601,78.0,1024.0,1121.0,5
1602,39.0,925.0,700.0,0
1603,107.0,1558.0,1913.0,2
1604,74.0,898.0,870.0,0
1605,39.0,1060.0,1168.0,0
1606,101.0,714.0,1150.0,6
1607,73.0,796.0,1041.0,2
1608,70.0,1318.0,1163.0,0
1609,49.0,1184.0,1205.0,0
1610,59.0,1640.0,359.0,2
1611,94.0,754.0,1287.0,5
1612,114.0,1478.0,1643.0,2
1613,84.0,873.0,1741.0,0
1614,29.0,881.0,169.0,0
1615,89.0,943.0,650.0,5
1616,111.0,1500.0,1587.0,2
1617,90.0,926.0,616.0,5
1618,104.0,848.0,1545.0,5
1619,90.0,973.0,1375.0,5
1620,94.0,644.0,817.0,0
1621,84.0,806.0,1545.0,5
1622,75.0,619.0,1512.0,6
1623,89.0,1416.0,939.0,0
1624,87.0,895.0,998.0,0
1625,81.0,1123.0,621.0,5
1626,65.0,667.0,1800.0,6
1627,99.0,1295.0,1115.0,0
1628,79.0,675.0,759.0,5
1629,64.0,902.0,1425.0,0
1630,59.0,906.0,640.0,0
1631,49.0,766.0,373.0,2
1632,39.0,908.0,457.0,5
1633,44.0,768.0,372.0,2
1634,45.0,744.0,861.0,6
1635,79.0,1327.0,1160.0,0
1636,87.0,1032.0,466.0,5
1637,70.0,793.0,1078.0,5
1638,34.0,883.0,504.0,5
1639,58.0,858.0,945.0,5
1640,70.0,755.0,812.0,6
1641,59.0,1016.0,866.0,0
1642,54.0,1026.0,1370.0,5
1643,94.0,1533.0,1758.0,2
1644,54.0,153.0,710.0,6
1645,83.0,1382.0,917.0,0
1646,61.0,1108.0,739.0,5
1647,40.0,803.0,1107.0,5
1648,93.0,714.0,1222.0,5
1649,54.0,1058.0,838.0,0
1650,49.0,691.0,884.0,0
1651,48.0,226.0,654.0,2
1652,87.0,756.0,1651.0,0
1653,85.0,769.0,619.0,5
1654,99.0,1549.0,1695.0,2
1655,74.0,673.0,1309.0,0
1656,36.0,1121.0,699.0,6
1657,86.0,1111.0,864.0,5
1658,92.0,959.0,1092.0,5
1659,99.0,1050.0,626.0,5
1660,49.0,753.0,1029.0,0
1661,101.0,822.0,1158.0,5
1662,79.0,1812.0,917.0,4
1663,102.0,1131.0,452.0,0
1664,74.0,1169.0,1058.0,5
1665,77.0,1021.0,1088.0,5
1666,84.0,1112.0,907.0,0
1667,104.0,1560.0,1695.0,2
1668,59.0,1301.0,749.0,5
1669,103.0,1142.0,1303.0,6
1670,84.0,808.0,1120.0,0
1671,84.0,1187.0,1668.0,2
1672,89.0,1373.0,1162.0,5
1673,69.0,1356.0,960.0,0
1674,79.0,1375.0,1739.0,2
1675,58.0,911.0,594.0,5
1676,74.0,1628.0,1507.0,2
1677,55.0,1292.0,912.0,5
1678,89.0,729.0,703.0,0
1679,34.0,905.0,215.0,6
1680,84.0,671.0,1311.0,0
1681,47.0,694.0,1365.0,5
1682,91.0,717.0,1393.0,5
1683,60.0,683.0,1045.0,5
1684,64.0,884.0,1526.0,0
1685,74.0,1418.0,939.0,0
1686,48.0,1042.0,988.0,5
1687,88.0,955.0,939.0,0
1688,74.0,645.0,1795.0,6
1689,63.0,1096.0,448.0,5
1690,69.0,817.0,761.0,5
1691,109.0,1328.0,1722.0,2
1692,100.0,982.0,1147.0,6
1693,104.0,697.0,1572.0,5
1694,89.0,1176.0,900.0,0
1695,63.0,1143.0,167.0,6
1696,59.0,1006.0,1495.0,6
1697,89.0,881.0,629.0,0
1698,58.0,943.0,842.0,5
1699,73.0,760.0,1287.0,5
1700,105.0,500.0,1372.0,6
1701,47.0,274.0,1149.0,2
1702,61.0,955.0,910.0,5
1703,61.0,1085.0,606.0,0
1704,97.0,885.0,1544.0,5
1705,46.0,1059.0,1398.0,5
1706,87.0,896.0,1074.0,5
1707,69.0,642.0,1433.0,0
1708,90.0,946.0,1350.0,5
1709,58.0,1407.0,1059.0,5
1710,39.0,936.0,1216.0,6
1711,109.0,1345.0,1782.0,1
1712,74.0,855.0,1167.0,0
1713,79.0,1418.0,1259.0,2
1714,93.0,1353.0,654.0,5
1715,58.0,1361.0,1195.0,5
1716,50.0,930.0,961.0,5
1717,37.0,1328.0,721.0,5
1718,99.0,1224.0,996.0,0
1719,72.0,668.0,1171.0,6
1720,55.0,1416.0,1099.0,5
1721,54.0,820.0,1133.0,0
1722,85.0,1301.0,613.0,5
1723,54.0,226.0,1085.0,2
1724,99.0,674.0,1536.0,0
1725,64.0,649.0,682.0,0
1726,54.0,905.0,826.0,0
1727,44.0,606.0,798.0,0
1728,64.0,801.0,633.0,5
1729,104.0,1100.0,589.0,0
1730,114.0,1283.0,1740.0,2
1731,44.0,1178.0,473.0,0
1732,101.0,872.0,711.0,5
1733,80.0,1157.0,640.0,5
1734,81.0,1387.0,1064.0,5
1735,103.0,1306.0,1295.0,5
1736,99.0,727.0,703.0,0
1737,99.0,743.0,1630.0,5
1738,39.0,762.0,383.0,2
1739,48.0,840.0,1523.0,0
1740,86.0,1386.0,991.0,5
1741,73.0,841.0,1630.0,5
1742,49.0,757.0,781.0,0
1743,105.0,1082.0,1372.0,5
1744,74.0,897.0,998.0,0
1745,60.0,604.0,1903.0,2
1746,39.0,983.0,1067.0,5
1747,50.0,1411.0,869.0,5
1748,39.0,830.0,1156.0,5
1749,69.0,1016.0,1280.0,0
1750,87.0,926.0,1097.0,5
1751,89.0,1332.0,1112.0,5
1752,69.0,1022.0,812.0,0
1753,91.0,777.0,1060.0,4
1754,60.0,492.0,1622.0,6
1755,75.0,675.0,1361.0,6
1756,84.0,1136.0,975.0,0
1757,36.0,717.0,1309.0,5
1758,54.0,1219.0,1355.0,0
1759,74.0,1595.0,907.0,6
1760,51.0,1052.0,1133.0,5
1761,99.0,821.0,1358.0,6
1762,103.0,1645.0,1454.0,2
1763,76.0,1078.0,1179.0,5
1764,61.0,884.0,1659.0,5
1765,95.0,1284.0,1159.0,5
1766,56.0,1393.0,787.0,0
1767,79.0,1136.0,677.0,0
1768,84.0,714.0,888.0,0
1769,54.0,1198.0,1077.0,0
1770,69.0,670.0,881.0,0
1771,74.0,1223.0,777.0,0
1772,54.0,689.0,881.0,0
1773,104.0,1109.0,905.0,0
1774,50.0,1357.0,1444.0,6
1775,72.0,799.0,1648.0,6
1776,74.0,1234.0,951.0,0
1777,91.0,1096.0,838.0,5
1778,45.0,806.0,1340.0,2
1779,58.0,913.0,1556.0,5
1780,47.0,1011.0,755.0,5
1781,73.0,1316.0,660.0,1
1782,107.0,1755.0,1206.0,2
1783,48.0,1202.0,1077.0,0
1784,35.0,1172.0,203.0,2
1785,99.0,1191.0,1262.0,0
1786,89.0,639.0,1434.0,0
1787,44.0,844.0,1602.0,5
1788,49.0,1090.0,607.0,0
1789,74.0,1099.0,1375.0,0
1790,74.0,593.0,198.0,2
1791,93.0,696.0,1615.0,0
1792,59.0,886.0,1526.0,0
1793,104.0,1618.0,1636.0,2
1794,88.0,986.0,766.0,5
1795,69.0,709.0,1646.0,0
1796,59.0,1330.0,1163.0,0
1797,69.0,963.0,1267.0,0
1798,75.0,1361.0,1280.0,5
1799,59.0,642.0,1435.0,0
1800,44.0,882.0,676.0,0
1801,69.0,1217.0,1353.0,0
1802,94.0,1325.0,904.0,0
1803,79.0,1277.0,921.0,0
1804,39.0,915.0,735.0,6
1805,59.0,1005.0,914.0,0
1806,94.0,1355.0,692.0,5
1807,79.0,1278.0,1025.0,6
1808,55.0,1384.0,836.0,5
1809,43.0,929.0,1271.0,5
1810,54.0,896.0,771.0,0
1811,49.0,1059.0,1167.0,0
1812,69.0,979.0,560.0,0
1813,69.0,718.0,1030.0,0
1814,107.0,1387.0,963.0,6
1815,103.0,966.0,1404.0,5
1816,74.0,665.0,1085.0,0
1817,69.0,844.0,1688.0,0
1818,39.0,1351.0,760.0,0
1819,60.0,1133.0,1548.0,2
1820,54.0,559.0,878.0,0
1821,34.0,715.0,1047.0,5
1822,54.0,909.0,641.0,0
1823,65.0,703.0,599.0,5
1824,44.0,1013.0,1181.0,0
1825,34.0,905.0,1155.0,5
1826,44.0,399.0,1606.0,2
1827,100.0,1469.0,1891.0,2
1828,71.0,1040.0,931.0,5
1829,70.0,1085.0,604.0,0
1830,41.0,732.0,1594.0,5
1831,44.0,1291.0,912.0,5
1832,79.0,674.0,1309.0,0
1833,76.0,900.0,1150.0,5
1834,102.0,1189.0,792.0,0
1835,54.0,767.0,372.0,2
1836,63.0,1388.0,1863.0,2
1837,102.0,865.0,1154.0,5
1838,76.0,1001.0,941.0,5
1839,54.0,1122.0,765.0,5
1840,49.0,683.0,1568.0,0
1841,49.0,1421.0,1138.0,5
1842,94.0,535.0,1553.0,2
1843,64.0,1355.0,819.0,0
1844,70.0,700.0,768.0,6
1845,61.0,708.0,1340.0,5
1846,72.0,866.0,1132.0,5
1847,81.0,1022.0,719.0,0
1848,114.0,1345.0,1781.0,1
1849,49.0,1146.0,806.0,0
1850,29.0,879.0,575.0,0
1851,34.0,893.0,539.0,6
1852,71.0,1468.0,953.0,5
1853,84.0,873.0,711.0,5
1854,74.0,883.0,1525.0,0
1855,39.0,872.0,575.0,0
1856,74.0,905.0,640.0,0
1857,34.0,1022.0,1228.0,2
1858,44.0,1002.0,915.0,0
1859,64.0,1088.0,986.0,0
1860,74.0,1278.0,921.0,0
1861,49.0,670.0,733.0,5
1862,74.0,1077.0,1017.0,0
1863,94.0,1447.0,1012.0,5
1864,89.0,721.0,1146.0,6
1865,47.0,1217.0,1267.0,0
1866,49.0,877.0,504.0,5
1867,103.0,938.0,1857.0,6
1868,59.0,619.0,976.0,5
1869,84.0,977.0,560.0,0
1870,78.0,1293.0,750.0,5
1871,92.0,1170.0,1208.0,5
1872,89.0,920.0,739.0,0
1873,92.0,638.0,598.0,2
1874,59.0,976.0,865.0,6
1875,44.0,1174.0,1345.0,4
1876,99.0,801.0,624.0,6
1877,71.0,466.0,1735.0,2
1878,107.0,987.0,472.0,5
1879,46.0,1626.0,1568.0,6
1880,79.0,1321.0,791.0,0
1881,76.0,737.0,1614.0,5
1882,44.0,1091.0,1338.0,6
1883,44.0,970.0,1476.0,5
1884,64.0,1145.0,802.0,0
1885,97.0,692.0,1073.0,5
1886,84.0,813.0,1135.0,0
1887,63.0,1077.0,1255.0,0
1888,54.0,1433.0,760.0,0
1889,51.0,934.0,1047.0,5
1890,89.0,672.0,1537.0,0
1891,60.0,985.0,800.0,5
1892,109.0,877.0,627.0,0
1893,93.0,1276.0,1311.0,5
1894,50.0,1357.0,927.0,6
1895,94.0,1319.0,906.0,0
1896,49.0,704.0,1246.0,5
1897,76.0,443.0,1827.0,6
1898,77.0,882.0,1586.0,5
1899,89.0,902.0,222.0,6
1900,59.0,1354.0,819.0,0
1901,45.0,752.0,403.0,6
1902,59.0,677.0,921.0,0
1903,98.0,1396.0,670.0,2
1904,69.0,1036.0,1332.0,0
1905,54.0,1242.0,894.0,0
1906,69.0,1378.0,1737.0,2
1907,39.0,1198.0,963.0,0
1908,62.0,693.0,929.0,0
1909,79.0,862.0,1201.0,5
1910,89.0,1102.0,796.0,0
1911,104.0,1610.0,1514.0,2
1912,99.0,674.0,960.0,5
1913,76.0,901.0,525.0,0
1914,102.0,673.0,1180.0,6
1915,91.0,1115.0,1340.0,5
1916,29.0,1173.0,193.0,0
1917,39.0,400.0,1606.0,2
1918,98.0,697.0,1572.0,5
1919,74.0,1136.0,677.0,0
1920,69.0,854.0,1400.0,0
1921,44.0,892.0,1039.0,0
1922,44.0,756.0,1408.0,0
1923,89.0,705.0,1166.0,6
1924,89.0,966.0,607.0,0
1925,93.0,1311.0,1295.0,5
1926,84.0,1300.0,1116.0,0
1927,88.0,1356.0,960.0,0
1928,99.0,814.0,1580.0,0
1929,49.0,650.0,681.0,0
1930,35.0,947.0,632.0,5
1931,87.0,1022.0,806.0,0
1932,84.0,932.0,933.0,0
1933,45.0,886.0,1439.0,0
1934,94.0,1000.0,1342.0,0
1935,64.0,846.0,1689.0,0
1936,44.0,939.0,1445.0,5
1937,40.0,1013.0,1020.0,5
1938,109.0,1159.0,636.0,6
1939,59.0,1695.0,633.0,2
1940,111.0,1651.0,1918.0,4
1941,64.0,493.0,1921.0,2
1942,79.0,819.0,1856.0,6
1943,99.0,1478.0,1643.0,2
1944,44.0,1141.0,1007.0,6
1945,107.0,1414.0,1001.0,5
1946,64.0,1639.0,358.0,2
1947,90.0,1381.0,1063.0,6
1948,54.0,1145.0,806.0,0
1949,49.0,1228.0,418.0,6
1950,94.0,1618.0,1506.0,2
1951,61.0,686.0,1373.0,5
1952,64.0,1067.0,735.0,0
1953,79.0,1150.0,494.0,0
1954,46.0,630.0,1553.0,6
1955,90.0,1122.0,620.0,5
1956,54.0,1435.0,1061.0,5
1957,34.0,1223.0,738.0,5
1958,89.0,1226.0,1070.0,0
1959,76.0,1336.0,1063.0,5
1960,89.0,756.0,1595.0,5
1961,49.0,696.0,1133.0,0
1962,91.0,1131.0,746.0,0
1963,104.0,1118.0,510.0,6
1964,64.0,673.0,1310.0,0
1965,44.0,1357.0,818.0,0
1966,80.0,857.0,1144.0,5
1967,72.0,1356.0,1136.0,5
1968,79.0,902.0,1228.0,0
1969,86.0,678.0,1403.0,5
1970,54.0,1166.0,639.0,0
1971,103.0,709.0,1606.0,5
1972,106.0,596.0,1619.0,2
1973,54.0,715.0,1085.0,2
1974,89.0,1232.0,912.0,0
1975,76.0,1139.0,1092.0,5
1976,39.0,729.0,1635.0,5
1977,114.0,1854.0,1040.0,2
1978,64.0,817.0,1133.0,0
1979,61.0,301.0,1316.0,2
1980,91.0,1640.0,1799.0,2
1981,104.0,670.0,1536.0,0
1982,58.0,1622.0,866.0,6
1983,67.0,854.0,981.0,6
1984,72.0,907.0,1181.0,6
1985,79.0,694.0,167.0,2
1986,29.0,893.0,677.0,0
1987,79.0,1225.0,996.0,0
1988,101.0,1038.0,954.0,5
1989,92.0,912.0,1144.0,5
1990,88.0,1165.0,157.0,6
1991,94.0,1145.0,1541.0,0
1992,39.0,670.0,1242.0,6
1993,84.0,1014.0,984.0,0
1994,39.0,704.0,731.0,5
1995,72.0,742.0,1790.0,2
1996,48.0,1095.0,214.0,6
1997,59.0,1366.0,872.0,0
1998,72.0,820.0,692.0,6
1999,99.0,1657.0,1307.0,2
2000,79.0,697.0,1555.0,5
2001,49.0,847.0,1691.0,0
2002,54.0,1355.0,820.0,0
2003,54.0,1095.0,473.0,6
2004,81.0,834.0,1218.0,5
2005,103.0,1060.0,562.0,5
2006,43.0,929.0,1222.0,5
2007,99.0,1637.0,1797.0,2
2008,39.0,1148.0,805.0,0
2009,61.0,1336.0,1142.0,0
2010,64.0,839.0,1632.0,5
2011,94.0,1374.0,1737.0,2
2012,92.0,1673.0,1925.0,2
2013,89.0,1131.0,676.0,0
2014,89.0,931.0,933.0,0
2015,95.0,932.0,1582.0,5
2016,32.0,494.0,863.0,4
2017,90.0,1173.0,927.0,0
2018,94.0,1137.0,768.0,0
2019,74.0,982.0,1013.0,0
2020,64.0,849.0,1247.0,0
2021,62.0,859.0,1064.0,5
2022,104.0,718.0,611.0,5
2023,69.0,898.0,997.0,0
2024,44.0,860.0,1401.0,0
2025,90.0,948.0,511.0,5
2026,89.0,1325.0,905.0,0
2027,46.0,877.0,1284.0,5
2028,39.0,819.0,952.0,1
2029,101.0,1196.0,678.0,6
2030,64.0,665.0,1621.0,5
2031,101.0,1172.0,1207.0,6
2032,60.0,1844.0,326.0,6
2033,79.0,1671.0,1926.0,2
2034,54.0,494.0,1921.0,2
2035,51.0,819.0,463.0,5
2036,90.0,641.0,1244.0,6
2037,105.0,917.0,785.0,0
2038,104.0,1025.0,1056.0,5
2039,47.0,1566.0,1527.0,6
2040,54.0,657.0,1885.0,2
2041,44.0,898.0,1184.0,0
2042,69.0,1016.0,984.0,0
2043,102.0,747.0,1711.0,6
2044,44.0,227.0,1085.0,2
2045,79.0,751.0,950.0,0
2046,69.0,655.0,1884.0,2
2047,49.0,1330.0,1165.0,0
2048,46.0,1082.0,992.0,5
2049,47.0,724.0,922.0,6
2050,91.0,1418.0,1036.0,5
2051,46.0,1158.0,1337.0,4
2052,74.0,1064.0,735.0,0
2053,59.0,883.0,1582.0,5
2054,54.0,839.0,1524.0,0
2055,48.0,515.0,1441.0,2
2056,54.0,1375.0,1859.0,2
2057,89.0,1137.0,766.0,0
2058,109.0,947.0,462.0,4
2059,84.0,818.0,564.0,5
2060,95.0,1163.0,578.0,6
2061,74.0,1014.0,1280.0,0
2062,109.0,1860.0,1140.0,2
2063,88.0,1360.0,1036.0,0
2064,109.0,1100.0,1619.0,5
2065,54.0,963.0,1288.0,5
2066,94.0,1225.0,1068.0,0
2067,86.0,833.0,1340.0,0
2068,109.0,1485.0,1926.0,2
2069,77.0,852.0,1600.0,5
2070,89.0,1461.0,919.0,0
2071,40.0,846.0,1449.0,5
2072,54.0,1237.0,605.0,0
2073,74.0,1450.0,885.0,5
2074,48.0,1174.0,518.0,6
2075,74.0,1180.0,1205.0,0
2076,42.0,791.0,712.0,6
2077,99.0,1852.0,1039.0,2
2078,59.0,918.0,865.0,5
2079,64.0,857.0,1171.0,0
2080,84.0,1251.0,1275.0,5
2081,95.0,506.0,708.0,6
2082,44.0,755.0,1036.0,0
2083,89.0,1622.0,1508.0,2
2084,39.0,932.0,510.0,0
2085,75.0,906.0,1166.0,5
2086,107.0,1137.0,1511.0,2
2087,75.0,1023.0,812.0,0
2088,75.0,836.0,1341.0,0
2089,74.0,1228.0,997.0,0
2090,106.0,834.0,387.0,6
2091,104.0,1109.0,1158.0,5
2092,46.0,616.0,1764.0,6
2093,81.0,1325.0,1208.0,5
2094,84.0,646.0,819.0,0
2095,79.0,1040.0,1244.0,5
2096,91.0,1527.0,1823.0,6
2097,64.0,557.0,875.0,0
2098,89.0,937.0,1139.0,5
2099,39.0,1217.0,1357.0,0
2100,87.0,1073.0,879.0,5
2101,79.0,979.0,560.0,0
2102,104.0,1119.0,216.0,6
2103,63.0,492.0,1887.0,4
2104,69.0,1077.0,1262.0,0
2105,54.0,544.0,1358.0,6
2106,48.0,1132.0,468.0,5
2107,59.0,985.0,838.0,5
2108,112.0,1541.0,478.0,6
2109,64.0,1130.0,900.0,5
2110,48.0,1227.0,850.0,5
2111,45.0,1057.0,481.0,0
2112,84.0,689.0,820.0,0
2113,61.0,1093.0,1340.0,0
2114,60.0,968.0,1476.0,5
2115,37.0,1132.0,1140.0,1
2116,114.0,1544.0,1694.0,2
2117,79.0,1012.0,867.0,0
2118,94.0,619.0,869.0,0
2119,59.0,1141.0,978.0,0
2120,49.0,880.0,674.0,1
2121,84.0,729.0,703.0,0
2122,49.0,897.0,777.0,0
2123,79.0,1191.0,796.0,0
2124,104.0,1355.0,1144.0,0
2125,84.0,1078.0,1017.0,0
2126,97.0,988.0,1162.0,6
2127,109.0,1474.0,825.0,0
2128,40.0,965.0,943.0,5
2129,44.0,754.0,1029.0,0
2130,39.0,897.0,1182.0,0
2131,59.0,699.0,684.0,0
2132,61.0,708.0,1135.0,0
2133,59.0,1534.0,1863.0,6
2134,34.0,688.0,939.0,5
2135,62.0,1181.0,996.0,0
2136,93.0,998.0,1242.0,0
2137,89.0,1190.0,795.0,0
2138,54.0,1099.0,563.0,0
2139,54.0,886.0,1526.0,0
2140,49.0,634.0,1301.0,0
2141,90.0,491.0,1622.0,6
2142,85.0,813.0,1545.0,5
2143,54.0,891.0,1039.0,0
2144,74.0,996.0,1418.0,5
2145,94.0,780.0,744.0,5
2146,90.0,1157.0,640.0,5
2147,74.0,1417.0,1260.0,2
2148,94.0,672.0,1537.0,0
2149,80.0,1532.0,1849.0,6
2150,71.0,755.0,1405.0,0
2151,99.0,1121.0,1207.0,0
2152,64.0,1472.0,787.0,5
2153,47.0,539.0,891.0,0
2154,49.0,858.0,1400.0,0
2155,34.0,944.0,1098.0,0
2156,38.0,631.0,1513.0,5
2157,92.0,1067.0,1218.0,5
2158,75.0,1444.0,757.0,0
2159,36.0,934.0,1271.0,5
2160,100.0,920.0,835.0,5
2161,45.0,630.0,1513.0,5
2162,69.0,899.0,1075.0,5
2163,69.0,293.0,1315.0,2
2164,87.0,1145.0,878.0,5
2165,81.0,997.0,1187.0,2
2166,71.0,1235.0,1310.0,5
2167,76.0,638.0,603.0,4
2168,94.0,1224.0,996.0,0
2169,53.0,806.0,1610.0,5
2170,89.0,1199.0,616.0,0
2171,35.0,696.0,1613.0,5
2172,69.0,1047.0,889.0,5
2173,42.0,712.0,1010.0,5
2174,52.0,909.0,1120.0,5
2175,76.0,811.0,459.0,2
2176,44.0,979.0,1519.0,5
2177,76.0,932.0,925.0,0
2178,100.0,871.0,567.0,6
2179,54.0,769.0,1661.0,0
2180,74.0,1177.0,714.0,0
2181,60.0,1396.0,974.0,5
2182,36.0,1109.0,609.0,6
2183,69.0,938.0,1512.0,0
2184,74.0,1393.0,1126.0,5
2185,84.0,683.0,142.0,2
2186,39.0,1287.0,709.0,5
2187,66.0,1319.0,851.0,0
2188,40.0,623.0,1446.0,5
2189,109.0,1111.0,905.0,0
2190,44.0,1120.0,1309.0,0
2191,48.0,1239.0,1048.0,5
2192,104.0,973.0,958.0,0
2193,71.0,1001.0,1536.0,5
2194,82.0,1103.0,587.0,0
2195,104.0,1225.0,1069.0,0
2196,99.0,901.0,504.0,0
2197,59.0,493.0,1921.0,2
2198,64.0,676.0,919.0,0
2199,89.0,900.0,505.0,0
2200,99.0,811.0,1005.0,0
2201,37.0,680.0,1553.0,0
2202,79.0,793.0,1687.0,0
2203,79.0,1356.0,960.0,0
2204,105.0,846.0,520.0,0
2205,73.0,855.0,1284.0,0
2206,59.0,903.0,824.0,0
2207,39.0,607.0,796.0,0
2208,81.0,928.0,1095.0,5
2209,114.0,1536.0,1549.0,2
2210,64.0,1218.0,1354.0,0
2211,109.0,996.0,1341.0,0
2212,92.0,1089.0,322.0,6
2213,108.0,1486.0,1640.0,2
2214,94.0,820.0,722.0,0
2215,90.0,1134.0,1601.0,4
2216,79.0,1826.0,1080.0,2
2217,105.0,1618.0,1408.0,4
2218,74.0,655.0,1885.0,2
2219,99.0,1574.0,1915.0,2
2220,54.0,1070.0,733.0,0
2221,39.0,1115.0,1308.0,0
2222,47.0,1375.0,708.0,6
2223,63.0,793.0,1080.0,5
2224,92.0,829.0,1515.0,5
2225,69.0,704.0,765.0,6
2226,54.0,1022.0,696.0,0
2227,104.0,1404.0,747.0,5
2228,54.0,896.0,946.0,5
2229,47.0,1137.0,932.0,5
2230,49.0,1679.0,1677.0,2
2231,75.0,1166.0,1123.0,6
2232,49.0,1367.0,873.0,0
2233,88.0,814.0,881.0,6
2234,74.0,612.0,1729.0,1
2235,49.0,1023.0,1455.0,0
2236,94.0,1300.0,808.0,0
2237,69.0,1322.0,785.0,0
2238,91.0,1442.0,1743.0,2
2239,54.0,1367.0,871.0,0
2240,75.0,745.0,1541.0,6
2241,91.0,729.0,1543.0,5
2242,54.0,1203.0,1077.0,0
2243,89.0,813.0,1579.0,0
2244,69.0,1026.0,775.0,5
2245,92.0,1046.0,327.0,6
2246,49.0,1022.0,1560.0,5
2247,64.0,752.0,1225.0,1
2248,90.0,989.0,470.0,5
2249,36.0,1062.0,623.0,6
2250,54.0,1169.0,754.0,0
2251,63.0,865.0,1134.0,5
2252,91.0,1099.0,582.0,0
2253,54.0,1116.0,1308.0,0
2254,58.0,1359.0,1131.0,5
2255,84.0,1251.0,822.0,0
2256,94.0,902.0,1228.0,0
2257,78.0,731.0,1147.0,0
2258,84.0,831.0,1765.0,2
2259,80.0,1203.0,1325.0,5
2260,51.0,986.0,727.0,4
2261,30.0,787.0,427.0,4
2262,39.0,1153.0,581.0,0
2263,64.0,1089.0,1179.0,5
2264,59.0,1082.0,1263.0,0
2265,69.0,1437.0,1060.0,5
2266,54.0,1200.0,867.0,5
2267,65.0,1356.0,720.0,5
2268,50.0,1035.0,1235.0,2
2269,74.0,852.0,1399.0,0
2270,104.0,1392.0,670.0,2
2271,92.0,1380.0,918.0,0
2272,59.0,1725.0,250.0,6
2273,84.0,1303.0,811.0,0
2274,79.0,1899.0,1575.0,2
2275,77.0,798.0,727.0,6
2276,87.0,823.0,1084.0,5
2277,47.0,1144.0,811.0,0
2278,49.0,1461.0,824.0,5
2279,109.0,1131.0,717.0,5
2280,80.0,1120.0,1204.0,0
2281,94.0,1002.0,1564.0,0
2282,40.0,726.0,1673.0,5
2283,89.0,876.0,1568.0,5
2284,40.0,726.0,1505.0,5
2285,88.0,1130.0,455.0,0
2286,63.0,823.0,1007.0,6
2287,54.0,676.0,919.0,0
2288,79.0,883.0,1523.0,0
2289,94.0,1045.0,1539.0,5
2290,77.0,1135.0,725.0,5
2291,49.0,889.0,1592.0,5
2292,102.0,890.0,1001.0,1
2293,84.0,1516.0,1916.0,1
2294,59.0,655.0,1884.0,2
2295,94.0,1459.0,920.0,0
2296,99.0,1111.0,1647.0,2
2297,79.0,902.0,505.0,0
2298,64.0,836.0,1522.0,0
2299,112.0,1616.0,479.0,6
2300,78.0,826.0,378.0,6
2301,107.0,1852.0,960.0,6
2302,56.0,892.0,535.0,5
2303,78.0,861.0,1790.0,6
2304,103.0,870.0,841.0,5
2305,94.0,879.0,627.0,0
2306,70.0,1365.0,873.0,0
2307,74.0,861.0,571.0,6
2308,51.0,677.0,932.0,0
2309,89.0,753.0,1461.0,0
2310,34.0,916.0,1578.0,5
2311,59.0,1655.0,336.0,2
2312,67.0,815.0,1374.0,5
2313,64.0,1044.0,925.0,5
2314,79.0,919.0,739.0,0
2315,79.0,816.0,760.0,5
2316,104.0,1111.0,1647.0,2
2317,89.0,975.0,960.0,0
2318,79.0,1235.0,947.0,0
2319,103.0,944.0,1247.0,5
2320,73.0,1076.0,870.0,5
2321,76.0,719.0,633.0,6
2322,103.0,712.0,1718.0,2
2323,39.0,1066.0,1122.0,5
2324,95.0,868.0,841.0,5
2325,54.0,881.0,1217.0,5
2326,58.0,1406.0,1184.0,0
2327,92.0,1046.0,1647.0,6
2328,65.0,1336.0,1107.0,5
2329,84.0,669.0,878.0,0
2330,47.0,532.0,1854.0,6
2331,100.0,1455.0,974.0,5
2332,59.0,1016.0,1279.0,0
2333,44.0,670.0,1085.0,0
2334,39.0,735.0,1272.0,2
2335,89.0,858.0,1249.0,6
2336,109.0,1533.0,1758.0,2
2337,88.0,1351.0,1275.0,5
2338,42.0,635.0,727.0,5
2339,114.0,1880.0,1053.0,2
2340,96.0,1467.0,1642.0,2
2341,89.0,1135.0,976.0,0
2342,101.0,1304.0,950.0,5
2343,56.0,1202.0,911.0,5
2344,102.0,970.0,559.0,0
2345,64.0,695.0,1132.0,0
2346,75.0,1357.0,945.0,0
2347,49.0,1025.0,695.0,0
2348,85.0,1555.0,1565.0,6
2349,45.0,209.0,1134.0,6
2350,86.0,915.0,1630.0,0
2351,59.0,944.0,246.0,6
2352,104.0,1355.0,691.0,5
2353,39.0,734.0,1142.0,6
2354,93.0,971.0,1633.0,5
2355,39.0,1169.0,641.0,0
2356,46.0,1091.0,1452.0,0
2357,44.0,1058.0,1168.0,0
2358,54.0,1206.0,730.0,5
2359,95.0,815.0,779.0,0
2360,61.0,1359.0,1601.0,6
2361,108.0,1853.0,1104.0,2
2362,89.0,822.0,722.0,0
2363,54.0,756.0,782.0,0
2364,72.0,854.0,981.0,5
2365,44.0,733.0,1273.0,2
2366,64.0,1014.0,865.0,0
2367,46.0,1361.0,653.0,5
2368,69.0,837.0,1523.0,0
2369,89.0,857.0,1388.0,5
2370,64.0,855.0,1399.0,0
2371,34.0,873.0,576.0,0
2372,64.0,939.0,1512.0,0
2373,59.0,970.0,1437.0,5
2374,105.0,946.0,1563.0,5
2375,79.0,1111.0,869.0,5
2376,65.0,865.0,570.0,4
2377,54.0,694.0,1132.0,0
2378,60.0,1313.0,718.0,5
2379,100.0,489.0,938.0,6
2380,87.0,707.0,947.0,5
2381,33.0,917.0,603.0,5
2382,69.0,689.0,1436.0,5
2383,69.0,690.0,818.0,0
2384,79.0,646.0,817.0,0
2385,48.0,878.0,249.0,6
2386,106.0,950.0,1359.0,6
2387,45.0,1128.0,1550.0,2
2388,51.0,969.0,562.0,6
2389,44.0,222.0,1581.0,6
2390,93.0,1413.0,882.0,5
2391,69.0,1147.0,1021.0,5
2392,94.0,526.0,1141.0,6
2393,114.0,1073.0,749.0,1
2394,49.0,896.0,1183.0,0
2395,64.0,1355.0,960.0,0
2396,44.0,899.0,778.0,0
2397,104.0,1099.0,582.0,0
2398,61.0,981.0,1090.0,5
2399,39.0,832.0,509.0,5
2400,54.0,941.0,1095.0,0
2401,71.0,671.0,1322.0,0
2402,89.0,819.0,1627.0,5
2403,43.0,1488.0,1783.0,6
2404,95.0,1590.0,1510.0,2
2405,69.0,959.0,1335.0,5
2406,78.0,1205.0,1169.0,5
2407,94.0,1436.0,1120.0,0
2408,39.0,755.0,1029.0,0
2409,92.0,931.0,920.0,0
2410,48.0,1109.0,1041.0,5
2411,91.0,1187.0,712.0,0
2412,64.0,1074.0,1261.0,0
2413,47.0,1298.0,838.0,6
2414,86.0,1052.0,993.0,5
2415,96.0,1327.0,1025.0,5
2416,69.0,1562.0,330.0,2
2417,69.0,1277.0,639.0,5
2418,46.0,670.0,742.0,5
2419,61.0,713.0,1508.0,5
2420,39.0,943.0,1095.0,0
2421,99.0,1129.0,720.0,5
2422,89.0,983.0,1012.0,0
2423,79.0,1021.0,733.0,0
2424,64.0,757.0,1651.0,0
2425,44.0,1150.0,581.0,0
2426,65.0,1297.0,1245.0,5
2427,69.0,796.0,1684.0,0
2428,100.0,671.0,1302.0,5
2429,99.0,1225.0,1070.0,0
2430,104.0,893.0,872.0,0
2431,86.0,1259.0,608.0,2
2432,104.0,1074.0,747.0,1
2433,89.0,1080.0,694.0,0
2434,81.0,492.0,1578.0,6
2435,59.0,1434.0,758.0,0
2436,79.0,919.0,1553.0,5
2437,89.0,1232.0,698.0,6
2438,59.0,1182.0,1205.0,0
2439,49.0,734.0,1273.0,2
2440,54.0,632.0,939.0,5
2441,39.0,1003.0,1127.0,5
2442,114.0,1572.0,1913.0,2
2443,54.0,529.0,990.0,6
2444,74.0,993.0,773.0,5
2445,84.0,942.0,984.0,5
2446,62.0,1202.0,1282.0,0
2447,91.0,1485.0,1633.0,2
2448,101.0,1368.0,742.0,5
2449,80.0,1138.0,838.0,0
2450,49.0,227.0,1084.0,2
2451,101.0,1284.0,1154.0,5
2452,104.0,1114.0,513.0,6
2453,49.0,1421.0,830.0,5
2454,62.0,1266.0,686.0,5
2455,84.0,1177.0,900.0,0
2456,54.0,1280.0,1298.0,5
2457,92.0,1147.0,1252.0,6
2458,59.0,1241.0,892.0,0
2459,79.0,592.0,197.0,2
2460,84.0,1399.0,838.0,2
2461,57.0,1038.0,634.0,5
2462,86.0,778.0,784.0,6
2463,75.0,573.0,1523.0,6
2464,64.0,1199.0,827.0,5
2465,84.0,1090.0,1299.0,0
2466,74.0,896.0,1117.0,5
2467,59.0,1278.0,640.0,5
2468,34.0,757.0,247.0,4
2469,109.0,1562.0,1692.0,2
2470,49.0,558.0,878.0,0
2471,49.0,1335.0,1308.0,6
2472,92.0,1073.0,1185.0,5
2473,41.0,975.0,534.0,1
2474,74.0,891.0,908.0,0
2475,59.0,1017.0,984.0,0
2476,64.0,725.0,851.0,6
2477,42.0,1106.0,1217.0,6
2478,74.0,1012.0,867.0,0
2479,29.0,976.0,195.0,2
2480,72.0,850.0,1247.0,0
2481,107.0,1210.0,1204.0,0
2482,77.0,825.0,1087.0,5
2483,44.0,1217.0,644.0,5
2484,94.0,1022.0,1486.0,0
2485,47.0,1625.0,1133.0,6
2486,106.0,881.0,683.0,6
2487,33.0,1165.0,1811.0,6
2488,85.0,1038.0,1207.0,6
2489,94.0,754.0,1463.0,0
2490,61.0,1479.0,1620.0,2
2491,55.0,974.0,650.0,5
2492,69.0,1178.0,715.0,0
2493,75.0,717.0,889.0,0
2494,100.0,963.0,1632.0,5
2495,55.0,1132.0,533.0,5
2496,74.0,793.0,1684.0,0
2497,49.0,1154.0,228.0,2
2498,74.0,1023.0,732.0,0
2499,74.0,900.0,506.0,0
2500,109.0,1331.0,846.0,0
2501,79.0,896.0,872.0,0
2502,36.0,716.0,1364.0,6
2503,59.0,1298.0,674.0,5
2504,62.0,1163.0,946.0,5
2505,89.0,892.0,873.0,0
2506,64.0,1003.0,916.0,0
2507,102.0,754.0,1282.0,5
2508,79.0,1066.0,735.0,0
2509,48.0,1198.0,557.0,4
2510,64.0,1265.0,786.0,0
2511,59.0,1168.0,754.0,0
2512,45.0,922.0,700.0,0
2513,101.0,711.0,986.0,5
2514,99.0,1010.0,1556.0,0
2515,54.0,986.0,839.0,5
2516,69.0,462.0,1728.0,4
2517,56.0,477.0,1391.0,6
2518,74.0,1718.0,1243.0,2
2519,84.0,1191.0,793.0,0
2520,107.0,1060.0,325.0,6
2521,76.0,851.0,784.0,5
2522,102.0,523.0,1140.0,6
2523,74.0,1154.0,1276.0,0
2524,84.0,1151.0,1275.0,0
2525,69.0,639.0,1361.0,5
2526,99.0,1248.0,822.0,0
2527,97.0,666.0,1301.0,0
2528,69.0,1142.0,770.0,0
2529,99.0,1130.0,546.0,0
2530,75.0,757.0,789.0,6
2531,55.0,1030.0,1232.0,2
2532,99.0,1131.0,676.0,0
2533,80.0,891.0,957.0,5
2534,94.0,900.0,504.0,0
2535,64.0,1092.0,1544.0,6
2536,44.0,683.0,1569.0,0
2537,84.0,1072.0,696.0,0
2538,59.0,857.0,1173.0,0
2539,46.0,912.0,1332.0,5
2540,49.0,850.0,1244.0,0
2541,54.0,1011.0,1021.0,5
2542,94.0,1248.0,823.0,0
2543,61.0,771.0,1594.0,5
2544,54.0,645.0,803.0,5
2545,107.0,931.0,527.0,6
2546,42.0,512.0,250.0,6
2547,44.0,675.0,1441.0,6
2548,74.0,844.0,1689.0,0
2549,69.0,1115.0,1307.0,0
2550,77.0,1071.0,934.0,5
2551,44.0,909.0,1394.0,0
2552,44.0,219.0,686.0,2
2553,76.0,1806.0,1810.0,4
2554,79.0,1234.0,911.0,0
2555,49.0,756.0,1225.0,1
2556,66.0,908.0,505.0,0
2557,88.0,1017.0,1376.0,5
2558,99.0,1611.0,1514.0,2
2559,73.0,924.0,695.0,0
